"Participant","Sex","Age","NativeLanguage","EducationLevel","VGexp","Handedness","Inclusion","antisaccade","categoryswitch","colorshape","dualnback","keeptrack","lettermemory","stopsignal","stroop","numberletter","SF","Flight","Bonus","Mine","Fortress","SF_mono_01","SF_multi_01","SF_mono_02","SF_multi_02","SF_mono_03","SF_multi_03","SF_mono_04","SF_multi_04","SF_mono_05","SF_multi_05","keeptrack_asin","dualnback_asin","lettermemory_asin","zscore_antisaccade","zscore_categoryswitch","zscore_colorshape","zscore_dualnback","zscore_keeptrack","zscore_lettermemory","zscore_stopsignal","zscore_stroop","zscore_numberletter","zscore_SF","zscore_inhibition","zscore_WM","zscore_shifting","zscore_EF"
1,"man",23,"french",16,9,"right-handed",1,443.057471264368,139.076923076923,34.4219237552571,0.916666666666667,0.964285714285714,0.916666666666667,228.740740740741,51.7261904761905,104.550933786078,1985,-405,550,1090,750,1250,1590,1595,1985,1465,1895,1415,1425,1930,1945,1.38067072344843,1.30738282468938,1.27795355506632,0.235444075596721,0.431907805460612,0.819391432259838,0.404784440082555,1.45618258783917,0.837613541811805,-0.458607685436496,0.538666495148739,1.26584092299904,0.416737462714998,0.105167628436321,0.899526856577842,0.839046720239831,0.614580401751331
2,"woman",25,"french",17,3,"right-handed",1,584.103448275862,189.736772486773,72.3854903943376,0.933333333333333,0.785714285714286,0.75,200.346153846154,10.3911111111111,266.701960784314,-270,-1460,400,540,250,-355,-270,-160,-1090,-265,-870,-875,-410,-640,-810,1.08952095285255,1.34334645746675,1.0471975511966,-1.96504408730179,-0.0119077334080322,0.474958104786324,0.714697749482393,-0.324332020769649,-0.0445683563584275,0.167285639717935,1.02821714814271,0.591048614566764,-1.34561780714634,-0.256513766480384,0.115265790784772,0.351366328648352,0.0700394509842468
3,"man",22,"french",15,8,"right-handed",1,429.310344827586,183.602809706258,91.0079900124844,0.958333333333333,0.892857142857143,0.916666666666667,210.490566037736,187.655714285714,457.957627118644,2550,-100,550,1100,1000,1500,1540,1200,1600,1700,1640,1750,1940,1600,2550,1.23732315454306,1.41066464910998,1.27795355506632,0.449915906973683,0.0418300496400388,0.306001126367188,1.29480609627038,0.579546346559658,0.837613541811805,-0.0563245822549301,-1.07121034951335,-0.204862795774783,0.858303195518393,-0.225873008264866,0.903988661547279,0.0476561267441478,0.24192392667552
4,"man",23,"french",18,6,"right-handed",1,414.752808988764,123.634738186462,101.120531400966,0.941666666666667,0.928571428571429,0.5,159.148148148148,19.24,221,3990,-100,850,990,2250,1750,1580,2200,1860,2500,2450,3000,2900,3115,3990,1.30024656381632,1.36346742528384,0.785398163397448,0.677031107088099,0.567192092490818,0.214252732103758,0.888088345563927,0.964351902838182,-1.0454293393682,1.07540086857417,0.923415623617599,0.781237552549033,1.98370966496421,0.891949199759956,0.269003636344637,0.520894125714536,0.56061565393971
5,"woman",31,"french",20,3,"right-handed",1,519.784090909091,52.8940886699507,49.7932340009771,0.875,1,0.75,206,66.9763636363637,266.822580645161,130,-1330,250,710,500,1175,-125,565,-960,1015,130,215,-420,615,65,1.5707963267949,1.23246031474537,1.0471975511966,-0.961584169268929,1.18692941604836,0.679931628972786,-0.240853422728198,2.61888800071352,-0.0445683563584275,0.0426596121486848,0.358051570888039,0.590546654413624,-1.03300489896695,-0.186957662077402,0.777822073875632,0.819135899811589,0.47000010386994
6,"man",24,"french",18,3.5,"right-handed",1,413.722222222222,-5.15581098339715,5.06871035940804,0.883333333333333,0.678571428571429,0.833333333333333,230.735849056604,18.4846153846154,371.316263632053,2270,-120,500,640,1250,1250,1240,1400,1470,2715,1630,2500,2270,2700,1320,0.968001774042632,1.24623145923122,1.15026199151093,0.693109509525842,1.6954869383475,1.08570531836254,-0.12218184724377,-1.06747762811253,0.349447756183035,-0.502585257024157,0.932361996466118,0.155695670953108,0.639474159792816,0.374295416322601,-0.280070573057754,0.978962642554384,0.357729161939744
7,"man",27,"french",15,8,"right-handed",1,440.797752808989,231.185185185185,76.8831395348837,0.958333333333333,0.928571428571429,1,212.074074074074,182.25,464.848584595128,3110,-570,900,1030,1750,2955,2130,3155,2595,3000,2965,3560,3015,4280,3110,1.30024656381632,1.41066464910998,1.5707963267949,0.270698421859568,-0.375024675745783,0.434152132207025,1.29480609627038,0.964351902838182,1.95715360966112,-0.0912293728740638,-1.00718795015863,-0.233539549717981,1.29596126696955,-0.275906300391043,1.40543720292322,-0.0581373644189132,0.357131179371089
8,"man",22,"french",17,5,"right-handed",1,461.166666666667,41.88,23.6152906692721,0.933333333333333,1,0.916666666666667,208.222222222222,75.6923076923077,116.580575317043,1175,-525,350,850,500,-515,280,120,815,-130,795,595,845,-120,1175,1.5707963267949,1.34334645746675,1.27795355506632,-0.0470813176594638,1.28342049833828,0.917437135604252,0.714697749482393,2.61888800071352,0.837613541811805,-0.00632416285963364,0.254824574119502,1.21577950970697,-0.216303676348277,0.0671396978668016,1.39039976400257,1.13887904788317,0.865472836584181
9,"man",20,"french",15,8,"right-handed",1,412.133333333333,50.1909937888198,59.825956937799,0.983333333333333,0.821428571428571,0.75,272.471698113208,57.4120879120878,156.260327868853,3310,-150,1000,960,1500,1530,2115,2330,2460,2815,2190,4250,3310,3415,2795,1.13450940007873,1.5707963267949,1.0471975511966,0.717898101630644,1.21061040849617,0.588907406259419,2.67472615268675,-0.0492069971747833,-0.0445683563584275,-1.42255600501067,0.471325755869748,1.05065202135163,1.45226772105924,-0.077777382503427,0.860316933051179,0.950056612035741,0.577532054194498
11,"woman",26,"french",17,3,"right-handed",1,549.701149425287,230.590909090909,305.689873417722,0.75,0.607142857142857,0.416666666666667,291.245283018868,84.0973913043479,446.406026365349,-1295,-2165,-200,570,500,-1080,-1605,-345,-1295,-830,-1355,-250,-1750,535,-1300,0.893378412739926,1.06200468763857,0.701674123787604,-1.42832653603822,-0.369818403558039,-1.64175041532879,-1.70973916709999,-1.52383376629883,-1.36550695792148,-1.836376481614,0.155279242794474,-0.156790751565721,-2.14668838435604,-1.03647459161925,-1.5330266304401,-0.722786523484183,-1.09742924851451
12,"woman",23,"french",17,3,"right-handed",1,446.730337078652,255.781746031746,39.4212880143114,0.9,0.857142857142857,0.833333333333333,208.518518518519,147.033816425121,502.127213114754,1620,-520,400,990,750,315,-410,1030,955,315,1240,900,1330,775,1620,1.18319964013972,1.27540813090181,1.15026199151093,0.178142918062906,-0.590507667377207,0.774033532055972,0.129245446841858,0.248556190300274,0.349447756183035,-0.0128553328607586,-0.590106238211997,-0.388674748425181,0.1314781840013,-0.14160621766995,0.242416464441722,-0.0683829612488052,0.0108090951743224
13,"man",21,"french",14,6,"right-handed",1,406.738636363636,110.814814814815,215.864980449658,0.9,0.857142857142857,0.416666666666667,237.074074074074,122.681818181818,174.090136054422,1665,-185,600,1000,250,45,1380,315,190,460,1495,465,935,130,1665,1.18319964013972,1.27540813090181,0.701674123787604,0.802061911728364,0.679503543585183,-0.826793088766811,0.129245446841858,0.248556190300274,-1.36550695792148,-0.642296841717702,-0.301694147928497,0.976453185567657,0.166647136171482,-0.0473096926392781,-0.329235106926448,0.276387880128676,-0.03338563981235
14,"man",23,"french",17,5.5,"right-handed",1,404.658536585366,65.5057471264367,45.5782392894463,0.916666666666667,0.678571428571429,0.833333333333333,195.301886792453,89.1153846153845,304.895457033388,2840,-150,800,440,1750,2500,1185,3430,1815,3680,2070,4250,2095,3680,2840,0.968001774042632,1.30738282468938,1.15026199151093,0.834513988963846,1.07644251055818,0.71817315321043,0.404784440082555,-1.06747762811253,0.349447756183035,0.27847489881611,0.0958488040516207,0.432106189235763,1.08494755394845,0.402945897277192,-0.104415143948979,0.742240617668124,0.346923790332112
15,"man",20,"french",14,4.5,"left-handed",1,540.277777777778,43.6441379310345,52.8206851971559,0.95,0.785714285714286,1,151.037037037037,115.642512077295,358.665817770232,3680,-100,700,1080,2000,1500,2050,2250,1980,3250,2870,4500,3340,5150,3680,1.08952095285255,1.38562501074904,1.5707963267949,-1.28131051896141,1.2679654222648,0.652464370714967,1.07902930757237,-0.324332020769649,1.95715360966112,1.25419164735455,-0.218324357594794,0.208340564567557,1.74143466112518,-0.0818144097338845,0.903950298821278,0.70959011918244,0.510575336089944
19,"man",20,"french",14,6,"right-handed",1,493.966292134831,350.535714285714,217.741935483871,0.9,0.821428571428571,0.833333333333333,199.740740740741,145.076923076923,320.129032258065,1405,-505,50,860,1000,880,350,1490,1405,1420,425,2165,1235,2645,440,1.13450940007873,1.27540813090181,1.15026199151093,-0.558795222015047,-1.42061837576791,-0.843822201813494,0.129245446841858,-0.0492069971747833,0.349447756183035,0.180630578422123,-0.566929836202734,0.368711589880876,-0.0365512541451249,-0.315031493265219,0.143162068616703,-0.631909662566844,-0.26792636240512
20,"man",20,"french",15,3,"left-handed",1,433.965517241379,324.818646232439,44.9178571428571,0.85,0.642857142857143,0.75,144.814814814815,275.656923076923,96.8722548716363,140,-1100,100,390,750,230,-1605,-75,-320,195,-1035,745,-550,995,140,0.930274014115472,1.19369195874213,1.0471975511966,0.377289576114431,-1.19531896115958,0.724164624515438,-0.574936177474755,-1.29820021313436,-0.0445683563584275,1.39134621737785,-2.11344977156682,1.2977957836392,-1.02518957626246,-0.114937992691514,-0.639234915655849,0.275547148998353,-0.159541919783003
21,"man",26,"french",14,9,"right-handed",1,440.730337078652,212.510344827586,23.5475177304965,0.916666666666667,0.857142857142857,0.833333333333333,173.111111111111,94.1196581196582,406.330367074527,2190,-100,750,1040,500,2000,1745,1780,1530,1915,1940,1980,2190,2330,2080,1.18319964013972,1.30738282468938,1.15026199151093,0.271750188948166,-0.21142007697289,0.918052021424572,0.404784440082555,0.248556190300274,0.349447756183035,0.767619482271873,0.0365808553889343,0.00998430466067871,0.576951578156937,0.358650175536324,0.334262795521955,0.238872083037453,0.310595018031911
22,"man",21,"french",16,6.5,"right-handed",1,442.604651162791,28.5148148148148,87.6684995112414,0.983333333333333,0.714285714285714,1,184.547169811321,19.6574074074074,30.8143800440205,1605,-525,800,830,500,205,850,1025,1605,880,750,1710,1320,2145,1390,1.00685368543427,1.5707963267949,1.5707963267949,0.242508617915156,1.40050882240837,0.33629943411958,2.67472615268675,-0.829880340422405,1.95715360966112,0.515537885412994,0.91847207271605,1.5726959595446,0.119755199944573,0.558839525348067,1.26733314064182,1.10316807202418,0.976446912671357
23,"man",32,"french",15,5.5,"right-handed",1,425.701149425287,507.787545787546,109.282051282051,0.458333333333333,0.821428571428571,0.333333333333333,201.111111111111,58.3369565217392,303.986943164363,-640,-1320,-50,230,500,615,-845,280,-1030,700,-1345,1450,-990,1200,-640,1.13450940007873,0.75147383620274,0.615479708670387,0.506223728923823,-2.79825386322156,0.140205436268557,-3,-0.0492069971747833,-1.69502884018942,0.150423917166999,0.460372104909276,0.43588697423769,-1.63478474721228,0.372339917000033,-1.58141194578807,-0.740720484238436,-0.64993083767549
24,"woman",26,"french",20,7,"right-handed",1,400.193181818182,336.551724137931,231.167593622544,0.858333333333333,0.928571428571429,0.833333333333333,189.566037735849,136.481481481481,623.229432624114,1295,-1155,550,900,1000,-25,385,820,760,1240,240,1065,1180,2320,1295,1.30024656381632,1.20623764232681,1.15026199151093,0.904178934512276,-1.29810888955208,-0.9656296218114,-0.466824898992945,0.964351902838182,0.349447756183035,0.404908491667787,-0.465130006361956,-0.892642239546175,-0.122519803894458,0.281319139939369,0.282324920009424,-1.05212691696989,-0.162827619007031
25,"man",20,"french",16,7,"right-handed",1,449.471264367816,101.964387464387,161.929198966408,0.941666666666667,0.785714285714286,0.833333333333333,161.592592592593,8.81833333333338,356.440838404327,3020,-710,100,630,3000,3095,1445,2695,2600,4170,2790,4935,-1350,5720,3020,1.08952095285255,1.36346742528384,1.15026199151093,0.13538113085731,0.757039446859784,-0.337448110652023,0.888088345563927,-0.324332020769649,0.349447756183035,1.021518716065,1.04684429002684,0.217599827307531,1.22562336262918,0.734581378983053,0.304401360325771,0.212397054505097,0.417126597937974
26,"man",20,"french",13,9,"right-handed",1,394.126436781609,23.3681318681319,184.649419729207,0.85,0.607142857142857,0.333333333333333,176.43137254902,-65.6162962962964,517.785630498534,2140,-100,150,840,1250,2500,1835,1965,365,1665,1000,1250,1520,2250,2140,0.893378412739926,1.19369195874213,0.615479708670387,0.998827508850658,1.44559734698902,-0.543582621475562,-0.574936177474755,-1.52383376629883,-1.69502884018942,0.694431959612367,1.92840837797037,-0.453837330546304,0.537874964634513,1.2072226154778,-1.26459959465433,0.149392464989051,0.0306718286041713
27,"man",23,"french",15,5.5,"right-handed",1,402.583333333333,101.298850574713,166.902760438341,0.916666666666667,0.714285714285714,0.75,226.037037037037,116.75,484.614601018676,2205,-85,450,840,1000,965,445,930,1290,1465,1110,1415,2205,2000,1470,1.00685368543427,1.30738282468938,1.0471975511966,0.86688967445635,0.762870013211017,-0.382571909041622,0.404784440082555,-0.829880340422405,-0.0445683563584275,-0.399010759176364,-0.231440854383263,-0.315795925751304,0.588674562213665,0.0788126869655747,-0.156554752232759,0.021500726139364,-0.0187471130426068
30,"man",22,"other",17,5.5,"right-handed",1,421.5,25.1871921182266,74.9080459770115,0.866666666666667,0.821428571428571,0.583333333333333,168.961538461538,276.737179487179,444.293906810036,2590,-150,600,890,1250,1000,1095,815,1180,1250,2030,1750,1840,2080,2590,1.13450940007873,1.21914613830565,0.869122203007293,0.571766750970872,1.42966111317595,0.452071629936965,-0.355587117956164,-0.0492069971747833,-0.72535172081492,0.859087262143192,-2.12624375283322,-0.148001155491007,0.889564486336332,-0.231796579906385,-0.376715278648623,0.577910529207303,-0.0102004431159015
33,"man",25,"french",15,8,"left-handed",1,392.835294117647,177.436781609195,80.9430641821946,0.908333333333333,0.857142857142857,0.75,211.518518518519,54.0370370370371,468.57079970653,2720,-100,500,1070,1250,1000,490,1750,1705,2250,1870,2200,2030,2500,2720,1.18319964013972,1.29098701108241,1.0471975511966,1.01897089903349,0.0958487471777604,0.39731751735486,0.263495018997222,0.248556190300274,-0.0445683563584275,-0.0789834291219952,0.511298059906613,-0.249029566488161,0.991163681494635,0.483761843272704,0.155827617646356,0.0813788993481533,0.240322786755738
35,"woman",35,"french",17,6.5,"right-handed",1,495.544444444444,429.070197044335,240.09045691151,0.875,0.964285714285714,0.833333333333333,236,45.2815384615385,399.423728813559,890,-670,150,910,500,-490,-635,-385,-1060,200,-340,665,695,-505,890,1.38067072344843,1.23246031474537,1.15026199151093,-0.583416310472404,-2.10863510284706,-1.04658438358149,-0.240853422728198,1.45618258783917,0.349447756183035,-0.61862135046368,0.614993519326589,0.0387263142667971,-0.439040373426096,-0.195681380536499,0.521592307098001,-1.03883105738725,-0.237640043608584
36,"man",29,"french",17,9,"right-handed",1,541.367816091954,367.922360248447,117.273277074543,0.85,0.75,0.666666666666667,196.148148148148,70.4628571428572,560.776380153739,1745,-335,650,680,750,715,1365,915,725,1000,1515,1065,1745,950,1335,1.0471975511966,1.19369195874213,0.95531661812451,-1.29831643758647,-1.57293749508943,0.0677031733366341,-0.574936177474755,-0.583159066314694,-0.39582983854698,0.259821014685588,0.316759399710909,-0.632743549878393,0.229169717807361,-0.240578674396658,-0.517975027445476,-0.712659290543728,-0.490404330795288
37,"man",24,"french",15,10,"left-handed",1,613.852272727273,194.88275862069,77.7681922196797,0.916666666666667,1,0.833333333333333,211.222222222222,178.264957264957,599.497354497355,1035,-615,250,900,500,710,720,-315,1035,155,215,455,-245,680,695,1.5707963267949,1.30738282468938,1.15026199151093,-2.429161798792,-0.0569901534238896,0.42612228495606,0.404784440082555,2.61888800071352,0.349447756183035,-0.0724522591208702,-0.959991227589926,-0.793881077933396,-0.325718194211065,-1.15386842850093,1.12437339899304,-0.141582982133742,-0.0570260038805459
38,"woman",32,"french",12,10,"right-handed",1,438.056179775281,97.3499361430395,236.547462223944,0.941666666666667,0.857142857142857,0.75,202.518518518519,30.9303703703703,407.560734463277,1880,-350,800,680,750,1065,1245,1165,375,1745,1225,1150,1880,1295,1655,1.18319964013972,1.36346742528384,1.0471975511966,0.313470283462573,0.79746525198207,-1.01443973655554,0.888088345563927,0.248556190300274,-0.0445683563584275,0.119400859661714,0.78496110661984,0.00486412462948183,0.334676574317906,0.405944083248042,0.364025393168591,-0.0707034533146643,0.233088674367323
39,"woman",27,"french",17,3,"right-handed",1,502.033707865169,229.546296296296,35.3199952221692,0.941666666666667,0.857142857142857,1,229.528301886792,32.4585714285714,247.814187068424,1220,-170,250,890,250,280,430,850,620,-330,40,545,1220,1065,1100,1.18319964013972,1.36346742528384,1.5707963267949,-0.68465668361734,-0.360666868451815,0.811243469066645,0.888088345563927,0.248556190300274,1.95715360966112,-0.475967658529054,0.766861907647926,0.669650179187323,-0.181134724178095,-0.131254144832822,1.03126604850844,0.373408926600718,0.424473610092111
40,"woman",24,"french",14,5,"right-handed",1,467.872093023256,295.666666666667,424.391390400792,0.983333333333333,0.928571428571429,0.833333333333333,164.148148148148,187.481481481482,396.593837535014,3730,-300,1150,1130,1750,2250,2420,2900,2130,2950,3000,3585,3730,3500,3620,1.30024656381632,1.5707963267949,1.15026199151093,-0.151694094553195,-0.939927331085855,-2.71869765949381,2.67472615268675,0.964351902838182,0.349447756183035,0.965187374805444,-1.06914682902676,0.0505029209513945,1.78051127464761,-0.0852178495915036,1.32950860390266,-1.20270735654276,0.0138611325894653
41,"man",25,"french",12,9,"right-handed",1,414.842696629213,183.884285714286,20.2285107446277,0.791666666666667,0.821428571428571,0.75,183.925925925926,54.0785714285714,198.403576751118,1715,-335,250,800,1000,1750,635,1750,860,2000,1715,3680,1520,3575,1520,1.13450940007873,1.11353541568782,1.0471975511966,0.675628750969975,0.0393641239091729,0.948164487698324,-1.26567784091554,-0.0492069971747833,-0.0445683563584275,0.529231777231362,0.510806148706498,0.875272680717489,0.205723749693906,0.571888892302612,-0.453151064816251,0.620933764108328,0.24655719719823
42,"woman",32,"french",12,6,"right-handed",1,422.318181818182,255.590804597701,148.858695652174,0.933333333333333,0.607142857142857,0.833333333333333,236.846153846154,65.5247252747253,410.592176870748,-725,-1175,-200,150,500,415,-1990,750,-765,375,-1660,160,-725,770,-1260,0.893378412739926,1.34334645746675,1.15026199151093,0.559002123122879,-0.588834887524321,-0.21886291577097,0.714697749482393,-1.52383376629883,0.349447756183035,-0.637272864793777,0.375244002081277,-0.00775123808443492,-1.7012149902004,0.09899108680346,-0.153229420211135,-0.271816347126575,-0.108684893511417
43,"man",33,"french",14,7,"right-handed",1,486.72619047619,180.793103448276,11.6929400386847,0.95,0.75,0.75,189.471698113208,107.523333333333,320.656349206349,1760,-50,400,910,500,750,1150,1000,1760,715,1735,1000,1060,1500,1220,1.0471975511966,1.38562501074904,1.0471975511966,-0.445840862482176,0.0664450319480284,1.02560544702871,1.07902930757237,-0.583159066314694,-0.0445683563584275,0.406987991550205,-0.122165131171746,0.366517157767832,0.240892701864088,-0.0536726673679057,0.150433961633082,0.48618921224819,0.194316835504455
44,"woman",29,"french",17,3,"right-handed",1,501.655172413793,184.578544061303,91.9587589376915,0.808333333333333,0.75,0.916666666666667,220.21568627451,204.23063973064,286.407096171802,-975,-1385,-50,460,0,-1310,-1915,-1390,-2145,-750,-1580,-930,-1400,-575,-975,1.0471975511966,1.13530018353838,1.27795355506632,-0.678751071861236,0.0332819376021702,0.297375053172305,-1.07812194869957,-0.583159066314694,0.837613541811805,-0.270692477978094,-1.26751493388884,0.509045595268969,-1.89659805781252,-0.738986161242724,-0.274555824400818,0.279900862014481,-0.244547041209687
45,"woman",24,"french",17,5.5,"right-handed",1,484.741573033708,254.198850574713,191.162590098074,0.825,0.75,0.333333333333333,158.603773584906,158.444444444444,359.858651026393,910,-730,300,590,750,-630,525,105,500,855,910,455,655,990,760,1.0471975511966,1.157894280365,0.615479708670387,-0.414878425391838,-0.57664040151638,-0.602674881269757,-0.883419390040252,-0.583159066314694,-1.69502884018942,1.08740035308092,-0.725247635875552,0.203376583016528,-0.423409728017126,-0.0175752360621577,-1.05386909884812,-0.325312899923203,-0.465585744944494
46,"woman",26,"french",17,4.5,"right-handed",1,365.157303370787,159.868700265252,65.0540293040293,0.958333333333333,0.964285714285714,1,194.407407407407,27.3783068783069,276.103125,1800,-170,50,1170,750,665,580,140,1245,845,1580,1045,1655,995,1800,1.38067072344843,1.41066464910998,1.5707963267949,1.450781095267,0.249757366713338,0.541474498321856,1.29480609627038,1.45618258783917,1.95715360966112,0.298191638442114,0.827029853764541,0.551925622745548,0.272153992682027,0.858667529157885,1.56938076459022,0.447719162593581,0.958589152113895
47,"man",31,"french",12,8,"right-handed",1,446.449438202247,116.862068965517,695.114449960805,0.866666666666667,0.821428571428571,0.25,220.433962264151,69.4113712374582,170.44262295082,1865,-35,200,950,750,1000,1025,1200,935,1200,1495,1750,1865,1750,1295,1.13450940007873,1.21914613830565,0.523598775598299,0.182525280932074,0.626525388481397,-3,-0.355587117956164,-0.0492069971747833,-2.04629032237797,-0.275503869862926,0.32921263844926,0.991632329559408,0.322953590261179,0.0787446831728026,-0.817028145836306,-0.460614093986398,-0.3996325188833
49,"woman",23,"french",17,6.5,"right-handed",1,414.682926829268,140.157142857143,52.1170182841068,0.908333333333333,0.964285714285714,0.916666666666667,217.111111111111,12.8461538461538,312.896717600453,1975,-395,600,1020,750,-525,-25,-365,520,645,1975,875,850,145,795,1.38067072344843,1.29098701108241,1.27795355506632,0.67812135346043,0.422444328378864,0.658848553175975,0.263495018997222,1.45618258783917,0.837613541811805,-0.20225926289293,0.999140930253946,0.398808903437649,0.408922140010513,0.491667673607149,0.852430382882731,0.493367261664163,0.612488439384681
50,"man",24,"french",17,7,"right-handed",1,429.597701149425,108.168719211823,36.73564122738,0.95,0.892857142857143,0.75,200.925925925926,122,320.956179066835,2460,-170,600,1030,1000,895,1090,2465,1090,2715,1215,3900,1635,4000,2460,1.23732315454306,1.38562501074904,1.0471975511966,0.445432800130521,0.702685182686374,0.798399689957719,1.07902930757237,0.579546346559658,-0.0445683563584275,0.154505898417688,-0.293619056716403,0.365269414306445,0.787965291178029,0.102106547277269,0.538002432591199,0.622118095650179,0.420742358506216
51,"woman",25,"french",16,7,"right-handed",1,411.941176470588,220.64039408867,117.867709437964,0.866666666666667,0.821428571428571,0.833333333333333,216.37037037037,208.136363636364,355.432748538012,895,-255,250,650,250,-60,885,425,895,495,530,525,645,580,860,1.13450940007873,1.21914613830565,1.15026199151093,0.720895981547883,-0.282644966818991,0.0623100468467676,-0.355587117956164,-0.0492069971747833,0.349447756183035,-0.18593133789015,-1.31377224651122,0.221794998319339,-0.435132712073853,-0.259602534284496,-0.0184487863159708,0.00048669278237178,-0.0925215426060317
52,"woman",23,"french",17,8,"right-handed",1,486.349397590361,76.8620689655172,360.572446236559,0.941666666666667,0.857142857142857,0.833333333333333,198.058823529412,159.68,573.91462585034,605,-635,400,590,250,200,310,545,605,-20,75,750,-415,1250,-465,1.18319964013972,1.36346742528384,1.15026199151093,-0.43996243686027,0.97695322752061,-2.13968537902738,0.888088345563927,0.248556190300274,0.349447756183035,0.217704572840188,-0.739880897461685,-0.687418424940741,-0.661777070503914,-0.320712920493922,0.495364097349079,-0.616716858815837,-0.147355227320227
53,"woman",23,"french",12,10,"left-handed",1,409.776470588235,108.653846153846,326.660153256705,0.758333333333333,0.75,0.333333333333333,206.740740740741,111.472222222222,163.48001150417,965,-755,250,970,500,45,-175,500,-905,550,965,515,240,1275,340,1.0471975511966,1.07202763241215,0.615479708670387,0.754668016533939,0.698435133037553,-1.83200817829557,-1.62336735911432,-0.583159066314694,-1.69502884018942,0.0263316871459049,-0.16893366685259,1.0206072718572,-0.380425453142459,0.204022012275751,-1.30051842187281,-0.0376552578002708,-0.37805055579911
54,"man",28,"french",15,9,"right-handed",1,568.645569620253,52.3358320839582,388.521120689655,0.783333333333333,0.714285714285714,0.666666666666667,252.259259259259,182.877192982456,356.840418353576,-740,-490,-350,-150,250,310,-840,30,-1190,865,-770,880,-1175,1250,-740,1.00685368543427,1.10292476069722,0.95531661812451,-1.72388244819728,1.19182013227482,-2.39325625744016,-1.3571141878328,-0.829880340422405,-0.39582983854698,-0.977019304274574,-1.01461608961865,0.215936973353729,-1.71293797425713,-1.2385059473635,-0.860941455600729,-0.328499717270536,-0.809315706744922
55,"man",20,"french",12,9,"right-handed",1,431.058823529412,192.60989010989,232.747252747253,0.8,0.678571428571429,1,226.245283018868,284.440476190476,443.938620689655,2305,-35,800,790,750,1430,920,1315,1270,1600,1755,1915,2305,2115,1980,0.968001774042632,1.12432242738401,1.5707963267949,0.422637520393861,-0.0370782434073915,-0.979961448264116,-1.17272175625089,-1.06747762811253,1.95715360966112,-0.403601062620542,-2.21747749398556,-0.146522630527187,0.666827789258513,-0.732813678737415,-0.0943485915674341,-0.387854107399565,-0.405005459234805
56,"woman",28,"french",17,8,"right-handed",1,452.552941176471,97.0714285714284,77.0454545454545,0.966666666666667,0.785714285714286,0.75,158.592592592593,26.3249158249158,326.553134248049,1430,-120,150,900,500,750,1035,1250,1430,1465,980,1700,260,1150,1020,1.08952095285255,1.44023681690988,1.0471975511966,0.0873032382225444,0.799905172143963,0.432679491353195,1.54964154200325,-0.324332020769649,-0.0445683563584275,1.08764681232624,0.839505656060478,0.341977657375639,-0.0170129473839127,0.671485235536421,0.393580388291723,0.524854106957599,0.529973243595248
57,"woman",19,"french",13,4,"right-handed",1,470.418604651163,179.551428571429,80.4930434782609,0.791666666666667,0.892857142857143,0.75,110.555555555556,85.0909090909091,376.44,965,-975,400,790,750,510,-625,-570,45,350,310,-25,965,1135,610,1.23732315454306,1.11353541568782,1.0471975511966,-0.19142276184752,0.077322968045098,0.401400435326226,-1.26567784091554,0.579546346559658,-0.0445683563584275,2.14651274875616,0.143512547565069,0.134373216476375,-0.380425453142459,0.699534178157904,-0.24356661690477,0.204365539949233,0.220111033734122
59,"woman",29,"french",17,5,"right-handed",1,557.425287356322,83.9259259259261,158.126636982714,0.883333333333333,0.857142857142857,0.75,268.547169811321,194.425925925926,1201.44146825397,-595,-1655,200,610,250,370,-1530,235,-595,-1415,-1475,-720,-650,-790,-675,1.18319964013972,1.24623145923122,1.0471975511966,-1.54883244798247,0.915068924272655,-0.302948478691212,-0.12218184724377,0.248556190300274,-0.0445683563584275,-1.33604880990163,-1.15139312840922,-3,-1.5996157950421,-1.3454247954311,0.0272686622326921,-0.795959851472852,-0.704705328223755
60,"woman",21,"french",15,8,"right-handed",1,539.827586206897,217.371352785146,-19.9565217391304,0.866666666666667,0.75,0.833333333333333,203.730769230769,151.785714285714,184.48846387371,-545,-1425,-50,680,250,140,-925,-305,-545,-215,-1140,-350,-1490,-250,-550,1.0471975511966,1.21914613830565,1.15026199151093,-1.27428698490712,-0.254005889825895,1.31275258303191,-0.355587117956164,-0.583159066314694,0.349447756183035,0.092679582397574,-0.646385184239115,0.933180492431466,-1.56053918151967,-0.609330862249554,-0.196432809362608,0.663975728545827,-0.0472626476887782
61,"man",29,"french",20,7,"right-handed",1,453.688888888889,240,96.246109839817,0.925,0.892857142857143,0.666666666666667,191.962962962963,-61.1614814814815,407.075157232704,1960,-150,700,660,750,780,1585,1165,1935,245,1895,730,1710,1100,1960,1.23732315454306,1.32476043658762,0.95531661812451,0.0695810773512441,-0.452248588422945,0.258477060491462,0.554534417961298,0.579546346559658,-0.39582983854698,0.35207379095126,1.87564792522518,0.00688485669887594,0.397199155953785,0.765767597842561,0.246083641991325,-0.0622955570775358,0.316518560918783
63,"woman",30,"french",14,2,"right-handed",1,463.53488372093,160.123015873016,33.9169325298358,0.825,0.75,0.25,189.22641509434,32.4615384615385,581.147916666667,890,-300,50,640,500,415,60,950,-295,865,250,665,105,1000,890,1.0471975511966,1.157894280365,0.523598775598299,-0.0840283735450448,0.247529384991771,0.823973083129747,-0.883419390040252,-0.583159066314694,-2.04629032237797,0.412394691244521,0.766826767690563,-0.71751980078688,-0.439040373426096,0.36506436179668,-1.17095625957764,0.117994222444879,-0.229299225112027
64,"woman",20,"french",14,6.5,"right-handed",1,507.068181818182,233.394636015326,191.816784869976,0.833333333333333,0.714285714285714,0.5,160.037037037037,-44.175,454.18099698896,540,-880,550,620,250,-890,-900,-505,-890,-235,-1100,-460,540,25,-200,1.00685368543427,1.16954918487654,0.785398163397448,-0.763200578131419,-0.394381002742526,-0.608610216172406,-0.782984318581555,-0.829880340422405,-1.0454293393682,1.05580735857084,1.67446909046638,-0.189146330634343,-0.712576668083066,0.6556919569686,-0.886097999457386,-0.397379183183092,-0.209261741890626
65,"man",21,"french",15,5.5,"right-handed",1,520.952941176471,166.494708994709,249.904519331243,0.85,0.535714285714286,1,166.075471698113,75.63,207.573101371696,35,-755,200,340,250,510,35,-1670,-1395,-815,0,-1010,-760,-205,-255,0.821142888340209,1.19369195874213,1.5707963267949,-0.97981964986942,0.191708918700373,-1.13562475766957,-0.574936177474755,-1.96558718479195,1.95715360966112,0.922703962392567,0.255562513224115,0.837113658227833,-1.10725046465955,0.0661489419157541,-0.194456584201864,-0.0356007269137886,-0.0546361230666327
68,"woman",23,"french",17,3,"right-handed",1,425.534090909091,289.675606641124,205.557277541005,0.916666666666667,0.964285714285714,0.916666666666667,202.792452830189,102.853846153846,178.55637336902,2150,-100,450,1050,750,930,1265,1250,1345,250,1660,850,990,1250,2150,1.38067072344843,1.30738282468938,1.27795355506632,0.508830044220364,-0.887441475628224,-0.733274046017519,0.404784440082555,1.45618258783917,0.837613541811805,0.113362608151258,-0.0668622133359082,0.957866916684163,0.545690287338998,0.185110146345238,0.899526856577842,-0.220949534987193,0.287895822645296
69,"woman",33,"french",15,6.5,"right-handed",1,452.7,319.034482758621,48.8492424242424,0.883333333333333,0.892857142857143,0.666666666666667,235.150943396226,130.819645732689,193.176307007786,2510,-150,600,1060,1000,765,-700,1250,-1345,815,1290,65,1445,865,2510,1.23732315454306,1.24623145923122,0.95531661812451,0.0850089423675201,-1.14464566349009,0.688496213090312,-0.12218184724377,0.579546346559658,-0.39582983854698,-0.599905851521812,-0.398074240882833,0.897025989852802,0.827041904700453,-0.304323716679042,0.0205115535896357,0.146958846484343,-0.0456177722016877
70,"man",22,"french",14,10,"right-handed",1,431.179775280899,399.328042328042,318.438220551379,0.891666666666667,0.821428571428571,0.75,200.754716981132,112.5,598.338017174083,1650,-50,500,700,500,750,560,1000,1070,1215,640,1750,1650,2250,1580,1.13450940007873,1.26052180642484,1.0471975511966,0.420750526499613,-1.84807312770705,-1.75741277299865,0.000963909990026824,-0.0492069971747833,-0.0445683563584275,0.158279805611729,-0.181106119161197,-0.789056489874321,0.154924152114754,0.132641404316715,-0.030937147847728,-1.46484746352667,-0.454381069019229
71,"woman",22,"french",17,5.5,"right-handed",1,421.772727272727,169.946086956522,116.837643255951,0.833333333333333,0.785714285714286,0.583333333333333,214.433962264151,130.189814814815,212.5091714105,675,-575,50,700,500,-335,-475,310,485,280,415,590,675,1280,660,1.08952095285255,1.16954918487654,0.869122203007293,0.567511875021546,0.16147244567873,0.0716555629296388,-0.782984318581555,-0.324332020769649,-0.72535172081492,-0.143247677340453,-0.390614859121454,0.816572178116799,-0.60706981157252,0.0112164461865462,-0.610889353388708,0.349900062241723,-0.083257614986813
72,"man",33,"french",17,3,"right-handed",1,573.518072289157,255.200510855683,25.132486631016,0.891666666666667,0.714285714285714,1,197.074074074074,89.1239935587762,411.621693121693,1520,-100,150,720,750,915,10,565,90,-370,945,555,1315,1330,1520,1.00685368543427,1.26052180642484,1.5707963267949,-1.79989939440015,-0.585415642709173,0.903672020790332,0.000963909990026824,-0.829880340422405,1.95715360966112,0.239411108432119,0.0957468443137,-0.0120355751028571,0.0533249569564511,-0.488247147218112,0.376079059742912,0.102073600992767,-0.0033648288274774
73,"woman",24,"french",19,5.5,"right-handed",1,428.52808988764,386.128078817734,120.281871345029,0.925,0.964285714285714,0.75,190.018867924528,227.005952380952,219.05291005291,1230,-560,400,890,500,-250,640,280,-505,450,575,865,1050,400,1230,1.38067072344843,1.32476043658762,1.0471975511966,0.462120031984493,-1.73243226049921,0.040406998942564,0.554534417961298,1.45618258783917,-0.0445683563584275,0.394926892232134,-1.53725360020725,0.789340377085176,-0.17331940147361,-0.226735558663541,0.655382883147346,-0.30089496149049,0.0425841209977719
74,"woman",33,"french",12,3.5,"left-handed",1,503.089887640449,228.533333333333,251.744444444445,0.766666666666667,0.642857142857143,0.333333333333333,218.037037037037,434.657407407407,956.22991202346,925,-555,850,380,250,-505,85,595,-850,-355,-385,-160,485,-480,925,0.930274014115472,1.082182020048,0.615479708670387,-0.701134368005367,-0.351792607898368,-1.15231790810686,-1.53586285430981,-1.29820021313436,-1.69502884018942,-0.222669169146399,-3,-2.27842539715383,-0.411686743960399,-1.30793451238392,-1.50969730254453,-1.26084530438635,-1.35949237310494
75,"woman",31,"french",17,7,"right-handed",1,724.880952380952,224.759523809524,125.241049273307,0.908333333333333,0.75,0.666666666666667,213.962962962963,50.85,735.441028225806,-855,-1745,150,490,250,-1345,-3255,-295,-2050,-310,-2270,295,-1220,45,-855,1.0471975511966,1.29098701108241,0.95531661812451,-3,-0.318731409989018,-0.00458630138690603,0.263495018997222,-0.583159066314694,-0.39582983854698,-0.132865581631141,0.549043628236538,-1.35961135488677,-1.80281418535871,-0.861273984464868,-0.238497961954817,-0.560976355420898,-0.553582767280194
76,"woman",33,"french",15,2,"right-handed",1,443.223529411765,404.655172413793,344.168417104276,0.833333333333333,0.678571428571429,0.666666666666667,307.37037037037,285.482905982906,825.060689655172,-915,-1625,150,310,250,-1690,-2690,-1095,-915,-1805,-2930,-2335,-3080,-1030,-2835,0.968001774042632,1.16954918487654,0.95531661812451,0.232853367265705,-1.89474249481281,-1.99085599237569,-0.782984318581555,-1.06747762811253,-0.39582983854698,-2.19181692448099,-2.22982347694781,-1.73256402337341,-1.84970612158561,-1.39626234472103,-0.748763928413688,-1.87272083685397,-1.3392490366629
77,"woman",19,"french",14,5.5,"right-handed",1,473.233333333333,118.869565217391,224.665750915751,0.95,0.964285714285714,0.75,211.222222222222,230.972307692308,641.213362068966,1095,-395,250,740,500,330,570,1045,-300,240,635,595,700,845,1095,1.38067072344843,1.38562501074904,1.0471975511966,-0.235335940217587,0.608938324145809,-0.906640134877768,1.07902930757237,1.45618258783917,-0.0445683563584275,-0.0724522591208702,-1.58422899888813,-0.967482451720144,-0.278826257984156,-0.630672399408862,0.830214513017702,-0.421728087484035,-0.0740619912917315
78,"woman",18,"french",15,2,"right-handed",1,476.944444444444,207.142857142857,-2.89247311827955,0.975,0.75,0.75,157.423076923077,102.730434782609,315.7803897309,700,-810,350,910,250,795,185,920,-115,370,700,495,-130,1190,505,1.0471975511966,1.47860834196894,1.0471975511966,-0.293233770728098,-0.164397149212161,1.15793501537484,1.88030464245781,-0.583159066314694,-0.0445683563584275,1.11342609391717,-0.0654005948195301,0.386808487469347,-0.587531504811308,0.251597242789846,0.417525739928229,0.460115451210676,0.376412811309584
80,"man",22,"french",17,3,"right-handed",1,414.195402298851,130.769230769231,43.7365362262689,0.625,0.678571428571429,1,187.622641509434,27.3927272727273,337.940303124033,2115,-735,500,850,1500,1625,1040,1935,925,1830,2020,3055,415,3615,2115,0.968001774042632,0.922710887939562,1.5707963267949,0.685727326924089,0.504688972030292,0.734882434514241,-2.91009071975977,-1.06747762811253,1.95715360966112,0.447746189245818,0.826859066297494,0.294589897244974,0.518336657873301,0.653444194155801,-0.673471579403728,0.511387101263169,0.163786572005081
81,"man",22,"french",15,8,"right-handed",1,438.563218390805,94.7072463768116,53.3908045977012,0.966666666666667,1,0.833333333333333,180.961538461538,-0.694814814814777,149.088992974239,2110,-150,300,960,1000,1500,1085,2215,2110,2300,2020,2730,1615,2900,1745,1.5707963267949,1.44023681690988,1.15026199151093,0.3055598666238,0.820617053582827,0.647291829260844,1.54964154200325,2.61888800071352,0.349447756183035,0.594574877098246,1.15951294724222,1.08049556732023,0.514428996521058,0.68654923032142,1.5059924329666,0.849468150054634,1.01400327111422
82,"woman",31,"french",20,6,"right-handed",1,529.906976744186,168.851282051282,46.4354005167959,0.941666666666667,0.928571428571429,1,171.148148148148,51.6043956043956,469.964691046658,2920,-100,650,1120,1250,1000,1540,1500,925,2000,1560,3250,2920,4250,1020,1.30024656381632,1.36346742528384,1.5707963267949,-1.11951345535331,0.17106369860655,0.710396357723217,0.888088345563927,0.964351902838182,1.95715360966112,0.810888483529226,0.54010896870714,-0.254830252259451,1.14747013558433,0.0771613322943516,1.26986461935441,0.208876601356772,0.518634184335177
83,"man",21,"french",15,3,"right-handed",1,508.222222222222,351.733333333333,186.468289637953,0.866666666666667,0.928571428571429,0.583333333333333,302.867924528302,154.588571428571,482.148745519713,1205,-685,700,690,500,680,450,1250,1055,1250,470,865,1205,1360,1190,1.30024656381632,1.21914613830565,0.869122203007293,-0.781205006917003,-1.43111035213915,-0.560084743651457,-0.355587117956164,0.964351902838182,-0.72535172081492,-2.09257086712923,-0.679580730627581,-0.305534255780975,-0.192857708234822,-1.18445220155794,-0.0388623119776342,-0.76557645052386,-0.662963654686478
84,"man",21,"french",16,6,"right-handed",1,435.022471910112,-1.64428571428562,51.3935580524345,0.9,0.964285714285714,0.75,196.962962962963,4.13166666666666,333.951123374064,3110,-50,950,960,1250,1000,2080,1700,2140,2750,2595,3750,3110,3650,3090,1.38067072344843,1.27540813090181,1.0471975511966,0.360799802449509,1.66472353305285,0.665412315144355,0.129245446841858,1.45618258783917,-0.0445683563584275,0.241860297182533,1.10235067255408,0.311190888691437,1.29596126696955,0.568336924062041,0.513619892774199,0.880442245629546,0.654133020821928
85,"woman",23,"french",16,5.5,"right-handed",1,514.101123595506,224.714814814815,34.1635455680399,0.9,0.857142857142857,0.666666666666667,181.396226415094,38.8461538461538,284.827380952381,-975,-1295,0,70,250,-1325,-1955,-1660,-1100,-2055,-2070,-2020,-2105,-1165,-975,1.18319964013972,1.27540813090181,0.95531661812451,-0.872922992476457,-0.318339728078981,0.821735628726304,0.129245446841858,0.248556190300274,-0.39582983854698,0.584993181486129,0.691210785366012,0.515619588041708,-1.89659805781252,0.134426991458561,-0.00600940046828298,0.339671829563011,0.156029806851096
86,"woman",22,"french",17,3,"right-handed",1,484.261363636364,432.060740740741,201.604395604396,0.825,0.714285714285714,0.416666666666667,214.192307692308,89.15,298.12750385208,-15,-1055,200,590,250,-970,-970,-440,-15,215,-865,-795,-965,-455,-825,1.00685368543427,1.157894280365,0.701674123787604,-0.407386576868701,-2.13483434697416,-0.697410601165775,-0.883419390040252,-0.829880340422405,-1.36550695792148,-0.137920958410852,0.0954388378823898,0.460271060190457,-1.14632707818198,-0.149956232465721,-1.02626889612804,-0.790657962649827,-0.655627697081197
89,"man",34,"french",17,10,"right-handed",1,534.818181818182,190.285714285714,86.5483870967741,0.908333333333333,0.892857142857143,0.833333333333333,208.698113207547,194.274928774929,716.774147727273,1715,-205,750,920,250,315,1695,1250,640,600,1260,950,715,1500,1715,1.23732315454306,1.29098701108241,1.15026199151093,-1.19613420597575,-0.016716845617062,0.346461915683212,0.263495018997222,0.579546346559658,0.349447756183035,-0.0168140844887759,-1.14960479861752,-1.28192903849311,0.205723749693906,-0.78751769636068,0.397496373913305,-0.317394656142318,-0.235805326196564
90,"man",30,"french",14,7,"left-handed",1,374.02380952381,224.766666666667,73.2863947239863,0.708333333333333,0.857142857142857,0.75,197.269230769231,207.323333333333,974.235887096774,2240,0,500,990,750,1500,1805,1500,1210,1500,2240,2500,1910,2500,1745,1.18319964013972,1.0135750576074,1.0471975511966,1.31245285472169,-0.318793986388847,0.466784439784132,-2.12707706532857,0.248556190300274,-0.0445683563584275,0.235109328190996,-1.30414314885697,-2.35335735232072,0.616028191679362,0.0811396780185737,-0.641029743795575,-0.73512229964181,-0.431670788472937
91,"man",35,"french",17,7,"right-handed",1,457.483146067416,222.557471264368,45.4420995670995,0.916666666666667,0.678571428571429,0.583333333333333,168.884615384615,112.868131868132,360.506733021077,1980,-50,500,1030,500,965,1030,1665,1455,1200,1380,1430,1980,1650,1265,0.968001774042632,1.30738282468938,0.869122203007293,0.0103860674314575,-0.299439897117772,0.719408312646713,0.404784440082555,-1.06747762811253,-0.72535172081492,0.860782854355017,-0.185466076833956,0.200679586559941,0.412829801362755,0.228567614984173,-0.462681636281631,0.206882667362961,-0.00907711797816584
92,"man",23,"french",16,3.5,"right-handed",1,395.058139534884,262.783068783069,138.399953249182,0.9,0.5,0.833333333333333,217,178.905844155844,891.099616858237,1500,-440,550,890,500,1250,805,680,815,1250,1340,1450,1500,1750,1090,0.785398163397448,1.27540813090181,1.15026199151093,0.984291816848932,-0.651844127431262,-0.123973531923074,0.129245446841858,-2.1841825998288,0.349447756183035,-0.199810074142516,-0.967581550404065,-2.00738534864465,0.0376943115474814,-0.0610332692325493,-0.568496465601303,-0.927734335999661,-0.519088023611171
93,"woman",31,"french",16,6.5,"right-handed",1,595.372093023256,382.586206896552,202.039402173913,0.875,0.714285714285714,0.416666666666667,171.192307692308,136.950549450549,400.917763157895,-615,-835,0,-30,250,-585,-1470,-1750,-615,-725,-855,610,-845,160,-975,1.00685368543427,1.23246031474537,0.701674123787604,-2.14084860086497,-1.70140299741187,-0.701357299895007,-0.240853422728198,-0.829880340422405,-1.36550695792148,0.809915088000205,-0.470685397426471,0.0325088828835067,-1.61524644045107,-0.600539636763745,-0.81208024035736,-0.790083804807791,-0.734234560642965
94,"man",20,"french",14,3,"right-handed",1,635.7,197.527692307692,68.3433794466403,0.875,0.857142857142857,0.75,259.735849056604,78.0017391304348,336.945033751205,800,-540,500,840,0,165,-795,-290,355,195,10,340,195,630,800,1.18319964013972,1.23246031474537,1.0471975511966,-2.77001281963291,-0.080161613332343,0.511631100687064,-0.240853422728198,0.248556190300274,-0.0445683563584275,-1.14182352088278,0.227472898836763,0.298731715709126,-0.509378277766459,-1.22812114722631,-0.0122885295954507,0.243400401021283,-0.332336425266826
95,"man",24,"french",17,6.5,"right-handed",1,450.425287356322,12.4137931034483,58.4610717896866,0.833333333333333,0.678571428571429,0.666666666666667,134.264150943396,160.336296296296,547.286521388216,2080,-300,700,930,750,815,340,1250,1445,1450,2080,1900,1870,2250,1670,0.968001774042632,1.16954918487654,0.95531661812451,0.120497216138002,1.54156497852431,0.601290645633445,-0.782984318581555,-1.06747762811253,-0.39582983854698,1.62391132274757,-0.747653721061987,-0.576605435274212,0.490983028407604,0.332251605941194,-0.748763928413688,0.522083396294514,0.0351903579406733
96,"man",32,"french",17,7,"right-handed",1,459.845238095238,253.666666666667,251.05543071161,0.891666666666667,0.714285714285714,0.583333333333333,182.547169811321,100.546296296296,536.883962264151,2620,-100,200,1020,1500,1700,1570,2150,2320,3365,2500,4165,2070,3615,2620,1.00685368543427,1.26052180642484,0.869122203007293,-0.0264654306192509,-0.57197810009468,-1.14606667004666,0.000963909990026824,-0.829880340422405,-0.72535172081492,0.559623282920485,-0.0395328224908505,-0.533315133542066,0.913010454449787,0.164541676603461,-0.518089383749099,-0.750453301227801,-0.36800033612448
98,"man",20,"french",14,2,"right-handed",1,467.579545454545,231.13141025641,411.801703877791,0.9,0.857142857142857,0.916666666666667,206.830188679245,-6.85454545454547,603.80612244898,2080,-350,0,680,1750,1450,1170,2500,745,2115,2080,3750,1960,5400,1715,1.18319964013972,1.27540813090181,1.27795355506632,-0.147129997968002,-0.374553569943656,-2.6044747872808,0.129245446841858,0.248556190300274,0.837613541811805,0.0243600131833175,1.23246551448694,-0.811812037276673,0.490983028407604,0.369898509900753,0.405138392984645,-1.26361346483371,-0.16285885398277
99,"man",30,"french",20,9,"right-handed",1,441.588235294118,199.642857142857,178.597802197802,0.916666666666667,0.75,0.583333333333333,193.339622641509,19.2275641025641,132.610526315789,3610,-100,1150,1060,1500,1750,940,1700,2310,2250,2990,2150,2670,1515,3610,1.0471975511966,1.30738282468938,0.869122203007293,0.258365937173648,-0.0986919293923081,-0.488677907628334,0.404784440082555,-0.583159066314694,-0.72535172081492,0.321728496370642,0.923562907759877,1.14907078859219,1.68672740219379,0.501219113768056,-0.301242115682353,0.18723365052385,0.129070216203184
101,"woman",22,"french",14,6.5,"right-handed",1,403.842696629213,191.422068965517,-45.9296296296296,0.825,0.821428571428571,0.416666666666667,209.259259259259,-52.2459893048128,349.676212938006,1210,-400,350,760,500,645,390,480,110,315,1110,1145,1070,850,1210,1.13450940007873,1.157894280365,0.701674123787604,0.847242080926285,-0.0266721034876988,1.54839967226889,-0.883419390040252,-0.0492069971747833,-1.36550695792148,-0.0291832578635173,1.77005758685176,0.245750849959692,-0.18895004688258,0.86270546997151,-0.766044448378837,0.589159472913626,0.2286068315021
102,"man",26,"french",18,6,"right-handed",1,472.921348314607,144.604895104895,127.014574314574,0.933333333333333,0.75,0.833333333333333,185.961538461538,45.3160535117057,364.559198542805,2280,-370,500,650,1500,2200,2050,1815,2085,1710,2280,3400,1665,4615,1520,1.0471975511966,1.34334645746675,1.15026199151093,-0.230468595857582,0.383478923159825,-0.0206770216590199,0.714697749482393,-0.583159066314694,0.349447756183035,0.484361383329519,0.614584741465097,0.183815231058333,0.647289482497301,0.289492509645678,0.160328813116911,0.182205710853046,0.210675677871878
103,"man",27,"french",17,3,"left-handed",1,450.25,263.33023872679,153.647374847375,0.883333333333333,0.892857142857143,0.916666666666667,160.735849056604,184.766025641026,570.397225725094,2290,-150,250,940,1250,1500,775,2250,1910,2180,990,1900,2290,2200,2130,1.23732315454306,1.24623145923122,1.27795355506632,0.123231911312334,-0.656637716955396,-0.262309326512272,-0.12218184724377,0.579546346559658,0.837613541811805,1.04040365573803,-1.03698641708874,-0.672780746758039,0.655104805201786,0.0422163833205394,0.431659347042564,-0.530575930075236,-0.0189000665707107
104,"woman",32,"french",20,2.5,"right-handed",1,497.438202247191,210.294540229885,326.005555555555,0.7,0.892857142857143,0.333333333333333,191.433962264151,-5.31939799331099,1313.43958333333,-1335,-1755,0,420,0,-1785,-2585,-1305,-2585,-1975,-2005,-2215,-1335,-970,-3335,1.23732315454306,1.00417717436821,0.615479708670387,-0.612961227077873,-0.192008086550252,-1.82606918772318,-2.20806246282828,0.579546346559658,-1.69502884018942,0.363734393995694,1.21428404601916,-3,-2.17794967517398,0.321685737645661,-1.10784831881935,-1.67269242475781,-0.819618335310499
107,"man",21,"french",14,2,"right-handed",1,393.129411764706,-74.3227513227514,518.498013090229,0.95,0.714285714285714,0.75,251.37037037037,72.735,143.826422372228,1090,-220,150,910,250,750,395,1200,-585,815,-320,1150,580,1250,1090,1.00685368543427,1.38562501074904,1.0471975511966,1.01438230732343,2.30143747424936,-3,1.07902930757237,-0.829880340422405,-0.0445683563584275,-0.957425794271243,0.289849350510676,1.10239578115519,-0.282733919336398,0.115601954520954,0.0681935369305114,0.134611085134848,0.106135525528771
108,"man",19,"french",14,5.5,"right-handed",1,468.685393258427,94.8082010582011,21.1109439124487,0.925,0.857142857142857,1,197.888888888889,66.1630036630037,283.995142683667,3020,0,1050,970,1000,680,1325,1200,2340,1750,2380,2000,3020,2200,2695,1.18319964013972,1.32476043658762,1.5707963267949,-0.164382563790644,0.819732620311822,0.940158406627092,0.554534417961298,0.248556190300274,1.95715360966112,0.221450390929063,0.367684572981992,0.519082951752117,1.22562336262918,0.14158413337347,0.920081405974229,0.75965799289701,0.60710784408157
109,"man",23,"french",18,2,"right-handed",1,396.162790697674,333.51724137931,47.0618854829381,0.95,0.785714285714286,0.916666666666667,214.981132075472,-8.12695652173909,786.908974358974,2445,-335,550,980,1250,1500,1590,2250,2055,1900,905,3250,2050,4500,2445,1.08952095285255,1.38562501074904,1.27795355506632,0.967057920077432,-1.27152470865945,0.704712426506956,1.07902930757237,-0.324332020769649,0.837613541811805,-0.155308776658546,1.24753527311302,-1.5737954696864,0.776242307121301,0.686428138843968,0.530770276204841,-0.713535917279633,0.167887499256392
110,"man",24,"french",19,5.5,"left-handed",1,371.546511627907,267.231034482759,40.3170163170163,0.741666666666667,0.785714285714286,1,158.603773584906,23.5357142857143,262.540209159755,3670,-440,650,960,2500,2605,2095,3355,2780,3420,2730,4495,3670,5255,3165,1.08952095285255,1.05210432929187,1.5707963267949,1.35110170392257,-0.690811402637835,0.765906827767464,-1.79505459778696,-0.324332020769649,1.95715360966112,1.08740035308092,0.872539472756169,0.60836776473094,1.7336193384207,1.10368050991989,-0.0540776696318313,0.227821063286857,0.425807967858304
111,"woman",35,"french",20,2,"right-handed",1,536.741573033708,149.724285714286,85.0760079312624,0.9,0.821428571428571,0.833333333333333,191.62962962963,159.961538461538,155.914285714286,-235,-1595,50,810,500,-195,-1015,-1580,-545,-310,-1275,-295,-315,-540,-235,1.13450940007873,1.27540813090181,1.15026199151093,-1.22614143973076,0.338629498448662,0.359820419643106,0.129245446841858,-0.0492069971747833,0.349447756183035,0.359421357202501,-0.743215288971413,1.05209207750556,-1.31826417768064,-0.536645123833223,0.143162068616703,0.583513998532444,0.0633436477719744
112,"man",21,"french",17,6,"right-handed",1,423.931818181818,137.583333333333,102.801645606818,0.9,1,0.75,130.555555555556,119.565476190476,240.852459016393,2170,-590,1000,1010,750,375,670,1330,1305,1565,1605,745,2170,1095,1555,1.5707963267949,1.27540813090181,1.0471975511966,0.533827440422682,0.444992691117046,0.19900043072519,0.129245446841858,2.61888800071352,-0.0445683563584275,1.70565877368125,-0.264785854047178,0.698621445234,0.561320932747968,0.658233453352252,0.901188363732318,0.447538189025412,0.668986668703327
113,"woman",18,"french",12,4.5,"right-handed",1,384.317647058824,343.562857142857,144.021435354769,0.85,0.678571428571429,0.416666666666667,247.660377358491,19.7983333333334,207.310569663693,355,-1415,450,820,500,945,-320,-295,-90,545,-120,110,355,350,-1020,0.968001774042632,1.19369195874213,0.701674123787604,1.15185651495687,-1.3595312942554,-0.174975741630287,-0.574936177474755,-1.06747762811253,-1.36550695792148,-0.875647535931892,0.916803021147248,0.838206185241442,-0.857160138116036,0.397670666724076,-1.00264025450292,-0.232100283548082,-0.279023290442308
115,"man",20,"french",13,7,"right-handed",1,428.64367816092,205.315934065934,75.9904239019407,0.825,0.75,0.416666666666667,190.339622641509,61.2142857142857,580.227459016393,1820,-100,300,1120,500,1250,1020,710,1020,1095,1635,1015,1630,1630,1820,1.0471975511966,1.157894280365,0.701674123787604,0.460316714849813,-0.148392031563736,0.442251503345291,-0.883419390040252,-0.583159066314694,-1.36550695792148,0.387856592631879,0.426294551249617,-0.713689311679652,0.287784638090997,0.424822619577103,-0.944028471425474,-0.139943279966032,-0.219716377271468
117,"woman",32,"french",17,4.5,"right-handed",1,437.556818181818,269.888888888889,168.318681318681,0.866666666666667,0.892857142857143,0.5,187.018867924528,55.465034965035,420.138233514822,1270,-290,300,510,750,-135,285,690,1010,160,580,1045,1005,1260,1270,1.23732315454306,1.21914613830565,0.785398163397448,0.321260929454071,-0.71409605703836,-0.395418182019374,-0.355587117956164,0.579546346559658,-1.0454293393682,0.461054988493371,0.494385613411688,-0.0474772004697984,-0.142058110655671,0.42556717711971,-0.273823370254901,-0.385663813175844,-0.077973335437012
118,"man",35,"french",17,6,"right-handed",1,454.681818181818,315.938808373591,36.8641715727501,0.766666666666667,0.642857142857143,0.333333333333333,196.11320754717,113.475714285714,453.712765957447,-1095,-1405,0,60,250,-2180,-1615,-310,-2305,-1135,-1160,-190,-1095,-445,-1375,0.930274014115472,1.082182020048,0.615479708670387,0.0540901771357244,-1.11752540136221,0.797233568371778,-1.53586285430981,-1.29820021313436,-1.69502884018942,0.260591199827221,-0.192661959213856,-0.187197784858942,-1.99038193026634,0.0406731392496967,-1.50969730254453,-0.169163205949791,-0.546062456414874
119,"woman",27,"french",12,5.5,"right-handed",1,628.701298701299,285.767816091954,130.183512544803,0.916666666666667,0.785714285714286,0.666666666666667,161.660377358491,117.541666666667,983.274064598657,-255,-1285,150,630,250,515,-1925,460,-465,-640,-990,-410,-530,200,-255,1.08952095285255,1.30738282468938,0.95531661812451,-2.66082459824749,-0.853206510689136,-0.0494279540878028,0.404784440082555,-0.324332020769649,-0.39582983854698,1.02002455689022,-0.240816932512867,-2.39096977312014,-1.33389482308961,-0.627205657956712,-0.105125806411358,-1.09786807929903,-0.610066514555699
120,"woman",25,"french",17,4.5,"right-handed",1,415.227272727273,178.866459627329,78.064449064449,0.908333333333333,0.821428571428571,0.583333333333333,136.111111111111,62.4417391304347,345.313636363636,1340,-220,350,710,500,275,-505,120,-75,325,245,750,815,1000,1340,1.13450940007873,1.29098701108241,0.869122203007293,0.669628897805458,0.0833237727173464,0.423434425519648,0.263495018997222,-0.0492069971747833,-0.72535172081492,1.58319933616046,0.411757247085081,0.263905734155176,-0.0873508517242765,0.888195160350332,-0.170354566330827,0.256887977464057,0.324909523827854
121,"woman",23,"french",16,7,"left-handed",1,410.093023255814,189.269476372925,59.0009990009991,0.85,0.857142857142857,0.75,213.716981132075,63.2230769230769,633.433589829374,960,-540,200,550,750,630,-450,900,-20,960,-340,1115,960,1500,160,1.18319964013972,1.19369195874213,1.0471975511966,0.749729411316686,-0.00781389422385281,0.596392029869709,-0.574936177474755,0.248556190300274,-0.0445683563584275,-0.127443478233982,0.402503498635284,-0.935106890702644,-0.384333114494702,0.341596477239329,-0.123649447844303,-0.115509585018929,0.0341458147920322
122,"man",22,"french",18,3,"right-handed",1,394.258426966292,35.4444444444445,76.2526542324247,0.941666666666667,0.857142857142857,0.833333333333333,181.192307692308,84.3076923076923,281.075366568915,3170,-50,650,820,1750,2250,1340,4000,2870,4000,2920,4250,3170,4750,3130,1.18319964013972,1.36346742528384,1.15026199151093,0.996768302022022,1.33980044399704,0.439872357409089,0.888088345563927,0.248556190300274,0.349447756183035,0.58948810046275,0.152788549777938,0.531233614631362,1.34285320319645,0.579681650754237,0.495364097349079,0.770302138679163,0.615115962260826
123,"man",21,"french",14,3.5,"right-handed",1,408.704545454545,36.506734006734,114.673913043478,0.958333333333333,0.928571428571429,0.916666666666667,212.962962962963,144.331908831909,319.923913043478,1320,-240,300,760,500,265,960,195,-90,230,1320,665,820,1080,550,1.30024656381632,1.41066464910998,1.27795355506632,0.771391347593612,1.33049404810336,0.0912865107781969,1.29480609627038,0.964351902838182,0.837613541811805,-0.110822882877396,-0.558106284494629,0.369565194516488,-0.102981497133246,0.0341540600738626,1.03225718030679,0.597115251132682,0.554508830504444
124,"woman",21,"french",16,6.5,"left-handed",1,507.081395348837,117.846666666667,57.9856910569105,0.941666666666667,0.714285714285714,0.916666666666667,197.807692307692,28.5559440559441,184.076791076791,1520,-600,150,970,1000,1500,1110,2115,350,2750,1520,2750,800,2750,285,1.00685368543427,1.36346742528384,1.27795355506632,-0.763406725221981,0.617899627362973,0.605603648391155,0.888088345563927,-0.829880340422405,0.837613541811805,0.223240182708222,0.813082546582416,0.934893670831222,0.0533249569564511,0.0909720013562189,0.298607182317776,0.719465648861783,0.369681610845259
125,"woman",20,"french",16,3.5,"right-handed",1,453.670454545455,191.533333333333,8.91898527004912,0.925,0.928571428571429,0.916666666666667,166.811320754717,186.607085346216,385.027777777778,485,-895,200,680,500,-375,355,-1025,-575,365,-30,495,0,365,485,1.30024656381632,1.32476043658762,1.27795355506632,0.0698686754478133,-0.0276468567870942,1.05077279972519,0.554534417961298,0.964351902838182,0.837613541811805,0.906483863309617,-1.05879094715669,0.0986351363775471,-0.755560942957733,-0.0274794694664188,0.785499954203762,0.373920359771881,0.377313614836408
126,"man",22,"french",15,6,"left-handed",1,430.476744186047,180.558518518518,98.5958646616541,0.908333333333333,0.892857142857143,0.75,249.407407407407,165.92,657.180214458665,2185,-85,200,570,1500,1210,1390,2465,890,2580,1455,3195,1915,3600,2185,1.23732315454306,1.29098701108241,1.0471975511966,0.431718663522375,0.068500159198185,0.237158360914928,0.263495018997222,0.579546346559658,-0.0445683563584275,-0.914156793013889,-0.813784132234789,-1.03392858765834,0.573043916804695,-0.432074087242101,0.266157669732817,-0.242756689181741,-0.136224368897008
127,"man",20,"french",15,6,"left-handed",1,443.903614457831,66.7289562289562,93.1258662369057,0.783333333333333,0.678571428571429,0.666666666666667,200.679245283019,123.993311036789,126.782590051458,2490,-100,300,1040,1250,1430,1180,1315,1395,765,805,1715,2375,1565,2490,0.968001774042632,1.10292476069722,0.95531661812451,0.222243216410353,1.06572634749596,0.286786199537748,-1.3571141878328,-1.06747762811253,-0.39582983854698,0.159943405517668,-0.317226770422755,1.17332377445362,0.811411259291483,0.0216532838350886,-0.940140551497437,0.841945440495774,-0.0255139423888579
128,"woman",20,"french",15,6.5,"right-handed",1,378.151162790698,158.107142857143,63.0087614496217,0.933333333333333,0.928571428571429,0.666666666666667,216.471698113208,-44.5723076923077,367.928266178266,1310,-1260,500,820,1250,1195,500,5,505,800,1130,725,740,1150,1310,1.30024656381632,1.34334645746675,0.95531661812451,1.2480611421729,0.265189835610016,0.560030668751403,0.714697749482393,0.964351902838182,-0.39582983854698,-0.188164874800924,1.6791745910532,0.169794839272459,-0.110796819837731,0.91302361947506,0.427739937924531,0.331671781211293,0.557478446203628
129,"man",22,"french",17,6,"right-handed",1,444.46511627907,94.2273307790549,138.121568627451,0.916666666666667,0.785714285714286,0.833333333333333,242.074074074074,185.980072463768,607.458973233875,1805,-155,200,1010,750,965,1680,1465,400,1025,1645,745,1805,1565,1350,1.08952095285255,1.30738282468938,1.15026199151093,0.213483107563139,0.824821448228905,-0.12144782240553,0.404784440082555,-0.324332020769649,0.349447756183035,-0.752510335486429,-1.05136494070519,-0.827013394055775,0.27606165403427,-0.530130722876162,0.143300058498647,-0.0412132560774667,-0.142681306818327
130,"man",23,"french",17,3,"right-handed",1,428.488636363636,153.840659340659,98.7668848005927,0.925,0.821428571428571,0.25,297,228.287692307692,240.308130699088,2690,0,200,990,1500,1700,545,2750,1500,2465,1070,2965,2065,4000,2690,1.13450940007873,1.32476043658762,0.523598775598299,0.462735554769297,0.302567200584465,0.235606740750268,0.554534417961298,-0.0492069971747833,-2.04629032237797,-1.96322597444216,-1.55243384487454,0.700886670244158,0.967717713381181,-1.0176414215158,-0.513654300530485,0.41302020385963,-0.372758506062219
131,"woman",28,"french",14,5.5,"right-handed",1,524.707865168539,159.981481481481,115.762183468705,0.825,0.571428571428571,0.166666666666667,176.018867924528,-45.3782051282051,217.038819026791,30,-1240,250,770,250,-870,-2500,-1215,30,-1580,-485,-1075,-330,-850,-380,0.857071947850131,1.157894280365,0.420534335283966,-1.03840101441593,0.248769324766154,0.0814129231009503,-0.883419390040252,-1.74586447918905,-2.44030643491943,0.703524674784571,1.68871921083015,0.797722026946218,-1.11115812601179,0.451280957066264,-1.68986343471624,0.375968091604441,-0.287538128681846
132,"woman",25,"french",14,2,"right-handed",1,502.825581395349,269.42619047619,265.278426836322,0.8,0.714285714285714,0.833333333333333,206.716981132075,14.1195652173913,409.50701754386,810,-470,200,830,250,-330,-395,-430,-590,-530,135,230,120,125,810,1.00685368543427,1.12432242738401,1.15026199151093,-0.697010870291744,-0.710042496916135,-1.27510812519894,-1.17272175625089,-0.829880340422405,0.349447756183035,0.0268554130422361,0.984059324559826,-0.00323534212766408,-0.501562955061975,0.104634622436773,-0.551051446830087,-0.662795321414245,-0.369737381935853
133,"woman",24,"french",15,10,"right-handed",1,420.267441860465,134.552727272727,99.6900383141763,0.808333333333333,0.75,0.5,240,-5.7180952380952,292.703333333333,90,-1300,200,690,500,360,-25,-480,-280,-280,-485,225,-235,-685,90,1.0471975511966,1.13530018353838,0.785398163397448,0.590996151579086,0.471542909436979,0.227231214828919,-1.07812194869957,-0.583159066314694,-1.0454293393682,-0.706792145478663,1.21900600372504,0.482843772885736,-1.06426618978489,0.367736669941822,-0.902236784794152,0.393872632383878,-0.0468758274894842
134,"man",21,"french",15,6.5,"right-handed",1,382.528735632184,117.448148148148,212.952113429641,0.866666666666667,0.714285714285714,0.833333333333333,221.754716981132,88.0357142857143,507.585749385749,1330,-350,200,980,500,915,1330,1500,1330,2000,1010,2250,910,1650,1190,1.00685368543427,1.21914613830565,1.15026199151093,1.17976570104074,0.621390926944516,-0.800365422216654,-0.355587117956164,-0.829880340422405,0.349447756183035,-0.304616868216927,0.108635844091872,-0.411390474370019,-0.0951661744287614,0.327928225638563,-0.278673234065178,-0.196788323214052,-0.0491777772135557
135,"woman",21,"french",15,4.5,"right-handed",1,564.488636363636,465.332307692308,115.150549450549,0.891666666666667,0.607142857142857,0.75,193.481481481481,44.1153846153846,410.682786885246,760,-540,500,550,250,-850,-2280,-305,-885,-750,-195,-80,-1435,-10,760,0.893378412739926,1.26052180642484,1.0471975511966,-1.65902925196326,-2.42631642968132,0.0869621156220925,0.000963909990026824,-1.52383376629883,-0.0445683563584275,0.318601544695583,0.628804824049966,-0.00812831211216125,-0.540639568584399,-0.237207627739238,-0.522479404222411,-0.782494208723795,-0.514060413561815
137,"woman",22,"french",16,3,"right-handed",1,444.215909090909,180.441025641026,174.192712154561,0.866666666666667,0.892857142857143,1,142.88679245283,293.103076923077,317.02606255012,125,-645,150,620,0,-525,-1055,-120,-530,-325,-285,345,125,395,-325,1.23732315454306,1.21914613830565,1.5707963267949,0.217371041691262,0.0695294785772357,-0.448711699083217,-0.355587117956164,0.579546346559658,1.95715360966112,1.43384503349357,-2.32007272085849,0.381624613812833,-1.03691256031919,-0.222952215224553,0.727037612754869,0.000814131102283936,0.168299842877533
139,"man",20,"french",15,4.5,"right-handed",1,396.25,84.4655172413793,13.6524154589372,0.9,0.892857142857143,1,247.792452830189,-28.5654545454545,83.4647221127316,1420,-50,300,420,750,1250,520,965,1365,1200,1420,1750,625,1250,880,1.23732315454306,1.27540813090181,1.5707963267949,0.965697349279675,0.91034172880669,1.00782764850107,0.129245446841858,0.579546346559658,1.95715360966112,-0.87855883576729,1.48959795225665,1.3535912981558,-0.0248282700883975,0.525578821923011,0.888648467687543,1.09058689182119,0.834938060477247
140,"man",22,"french",16,4,"right-handed",1,399.795454545455,361.115384615385,205.889090909091,0.825,0.642857142857143,0.583333333333333,174.264150943396,196.877995642702,621.064285714286,2195,-435,450,930,1250,1700,1320,2065,1395,2425,880,1500,2195,2350,2060,0.930274014115472,1.157894280365,0.869122203007293,0.910383961938377,-1.51330365105226,-0.736284500318523,-0.883419390040252,-1.29820021313436,-0.72535172081492,0.742203372597745,-1.18043413545391,-0.883631969870894,0.58085923950918,0.15738439969407,-0.968990441329845,-1.04440670708056,-0.618670916238778
142,"man",25,"french",17,9,"right-handed",1,436.314606741573,152.080901856764,125.309803921569,0.891666666666667,0.75,0.5,205.5,328.065714285714,1366.86830357143,3025,-35,950,860,1250,1565,445,2115,2290,1580,3025,3315,1345,4115,1920,1.0471975511966,1.26052180642484,0.785398163397448,0.340640933251368,0.317983900892325,-0.00521009399589061,0.000963909990026824,-0.583159066314694,-1.0454293393682,0.0536809615255576,-2.7341515665793,-3,1.22953102398142,-0.779943223934126,-0.542541498564288,-0.895742064367855,-0.739408928955423
143,"woman",27,"french",16,1,"right-handed",1,536.816091954023,269.790450928382,325.393258426966,0.925,0.75,0.583333333333333,323.666666666667,39.1904761904763,897.493439037726,-885,-1245,0,110,250,-300,-1750,-655,-1605,-65,-1195,755,-1400,845,-885,1.0471975511966,1.32476043658762,0.869122203007293,-1.22730402519076,-0.713233671993862,-1.82051397897772,0.554534417961298,-0.583159066314694,-0.72535172081492,-2.55103127454205,0.68713281500542,-2.03399327156733,-1.82626015347216,-1.03040082824246,-0.251325456389439,-1.52258030751297,-0.93476886404829
144,"man",22,"french",16,6,"right-handed",1,513.530120481928,11.2002652519893,40.1739130434783,0.916666666666667,1,1,175.924528301887,31.2592592592592,138.601960784314,3640,-350,800,940,2250,3700,3360,4245,3095,5330,3640,4880,2205,5165,400,1.5707963267949,1.30738282468938,1.5707963267949,-0.864014651954953,1.55219632708933,0.767205165648772,0.404784440082555,2.61888800071352,1.95715360966112,0.705604174666989,0.781065921881086,1.12413740413771,1.71017337030724,0.207551814864374,1.6602753501524,1.1478462989586,1.00522448799179
145,"woman",26,"french",16,6,"right-handed",1,463.941176470588,153.829230769231,55.9629629629629,0.808333333333333,0.892857142857143,0.583333333333333,193,121.791666666667,205.001214329083,-770,-1630,100,510,250,-2270,-905,-1905,-770,-1485,-2025,-1650,-1100,-625,-950,1.23732315454306,1.13530018353838,0.869122203007293,-0.0903670327910372,0.302667322824185,0.623955321578135,-1.07812194869957,0.579546346559658,-0.72535172081492,0.329214695947377,-0.291151667734933,0.847816578996449,-1.73638394237058,-0.0174346681928646,-0.407975774318276,0.591479741132923,0.0553564328739275
146,"man",23,"french",17,9,"right-handed",1,425.022988505747,43.5866666666666,241.363837312113,0.8,0.642857142857143,0.416666666666667,233.038461538462,36.2083333333334,253.277597402597,2115,-485,400,700,1500,2000,1930,2200,2010,2750,2115,2680,1940,3250,1785,0.930274014115472,1.12432242738401,0.701674123787604,0.516803861073686,1.26846891053928,-1.05813742475618,-1.17272175625089,-1.29820021313436,-1.36550695792148,-0.553341050308367,0.722451725854518,0.646914169804234,0.518336657873301,0.228638178873279,-1.27880964243558,0.285748551862444,-0.254807637233284
148,"man",24,"french",17,2.5,"right-handed",1,417.697674418605,329.972148541114,125.413171355499,0.875,0.571428571428571,0.75,165.884615384615,93.4245014245014,381.117741935484,1470,-150,200,920,500,310,-690,1215,-185,1080,380,1980,1470,1350,710,0.857071947850131,1.23246031474537,1.0471975511966,0.631087637752805,-1.24046722809739,-0.00614791918917103,-0.240853422728198,-1.74586447918905,-0.0445683563584275,0.926910950616254,0.044813920845067,0.114906770057075,0.0142483434340268,0.534270836404709,-0.677095419425224,-0.377236125743162,-0.173353569587892
149,"woman",26,"french",19,2,"right-handed",1,506.37037037037,492.610248447205,133.161791928915,0.825,0.75,0.75,275.339622641509,248.153846153846,484.974528301887,-1330,-2390,100,460,500,-1975,-1740,-300,-1370,-1470,-2820,-1165,-1640,-1415,-1330,1.0471975511966,1.157894280365,1.0471975511966,-0.752313873927723,-2.66529017548577,-0.0764490895930075,-0.883419390040252,-0.583159066314694,-0.0445683563584275,-1.48577280143649,-1.78771798457501,-0.317293764937412,-2.17404201382174,-1.34193488664641,-0.503715604237791,-1.01967767667206,-0.955109389185421
150,"woman",25,"french",17,4.5,"right-handed",1,375.047058823529,139.244708994709,65.5546265328874,0.941666666666667,0.785714285714286,0.75,189.037037037037,128.029761904762,180.122205663189,2765,-735,550,950,2000,2260,1850,3630,1195,1945,2765,2225,2005,3015,1290,1.08952095285255,1.36346742528384,1.0471975511966,1.29648892565803,0.430437884045838,0.536932713012303,0.888088345563927,-0.324332020769649,-0.0445683563584275,0.41656909471222,-0.365032343523061,0.951350697774173,1.02633263366482,0.449341892282398,0.173062656145284,0.639573764944105,0.420659437790595
151,"woman",22,"french",16,5.5,"right-handed",1,435.566666666667,79.6428571428571,148.666367598052,0.925,0.785714285714286,0.416666666666667,232.884615384615,26.7101449275362,334.568926974665,2005,-85,800,790,500,950,770,815,2005,965,1615,710,1315,1400,1390,1.08952095285255,1.32476043658762,0.701674123787604,0.352309704784313,0.952591587725334,-0.217117974567802,0.554534417961298,-0.324332020769649,-1.36550695792148,-0.549949865884695,0.834943207853365,0.308619895922998,0.432368108123967,0.212434348917661,-0.378434853576609,0.34803116969351,0.0606768883448541
152,"man",23,"french",16,6.5,"right-handed",1,474.795454545455,103.333333333333,21.0705882352941,0.858333333333333,0.607142857142857,0.75,225.11320754717,51.1666666666667,333.087878787879,1910,-100,650,860,500,580,1365,1500,1910,1450,1285,1500,1850,1750,1150,0.893378412739926,1.20623764232681,1.0471975511966,-0.259706924127373,0.745046528294374,0.940524542936068,-0.466824898992945,-1.52383376629883,-0.0445683563584275,-0.378647064031398,0.545293196984697,0.314783285346808,0.358122542431361,-0.0310202637246914,-0.678409007216735,0.66678478552575,-0.0142148284718921
153,"man",21,"french",16,4.5,"right-handed",1,361.117647058824,-50.8311111111111,6.52574484339192,0.925,0.892857142857143,0.833333333333333,181.62962962963,34.6183574879227,240.072281167109,2350,-150,400,850,1250,1150,1310,2150,2340,1950,1880,2750,2315,3250,2350,1.23732315454306,1.32476043658762,1.15026199151093,1.51380462904655,2.09563435637806,1.07248603261067,0.554534417961298,0.579546346559658,0.349447756183035,0.579848344739957,0.741282552487042,0.701868159249026,0.701996741428695,0.944978508757848,0.49450950690133,1.28999618274592,0.909828066135033
154,"woman",22,"french",17,3,"right-handed",1,438.136363636364,91.4285714285714,46.9299712568592,0.916666666666667,0.785714285714286,0.666666666666667,279.943396226415,96.2008547008547,410.061764705882,-285,-1275,100,390,500,-1840,-870,-1255,-310,-350,-1235,-250,-380,140,-285,1.08952095285255,1.30738282468938,0.95531661812451,0.312219318061736,0.849340528008423,0.705909249141178,0.404784440082555,-0.324332020769649,-0.39582983854698,-1.58725239569902,0.0119322721278531,-0.00554392521213113,-1.35734079120307,-0.421033601836478,-0.105125806411358,0.51656861731249,-0.00319693031178224
155,"woman",21,"french",16,2,"right-handed",1,698.75,181.34962962963,101.636052760137,0.908333333333333,0.821428571428571,0.916666666666667,233.851851851852,203.286324786325,199.747767857143,1220,-420,250,890,500,230,200,1150,1000,-270,1220,775,480,950,-385,1.13450940007873,1.29098701108241,1.27795355506632,-3,0.061569475270513,0.209575544135329,0.263495018997222,-0.0492069971747833,0.837613541811805,-0.571270367955638,-1.25633097090335,0.869678822718559,-0.181134724178095,-1.60920044628633,0.350633854544748,0.380274614041467,-0.292763992566705
157,"woman",21,"french",15,3.5,"right-handed",1,364.732558139535,228.476923076923,23.8267020335986,0.916666666666667,0.892857142857143,0.916666666666667,163.094339622642,10.9404186795491,104.847936687394,1640,-50,250,940,500,700,770,900,325,1200,1130,1200,1390,1280,1640,1.23732315454306,1.30738282468938,1.27795355506632,1.45740763558684,-0.351298414792032,0.915519056610965,0.404784440082555,0.579546346559658,0.837613541811805,0.988416158677302,1.02171144202205,1.26460494394236,0.14710882941027,1.15584507876206,0.607314776151339,0.609608528587096,0.790922794500166
158,"woman",22,"french",17,1,"right-handed",1,432.941860465116,232.269230769231,82.6822642582848,0.891666666666667,0.892857142857143,0.833333333333333,195.77358490566,129.846560846561,310.509533898305,-900,-2160,500,510,250,-1220,-1925,-705,-1090,-1595,-1160,-2100,-900,-490,-1160,1.23732315454306,1.26052180642484,1.15026199151093,0.393259862305962,-0.384521669531715,0.381538218348395,0.000963909990026824,0.579546346559658,0.349447756183035,0.268077399403978,-0.386549542037692,0.408743180332743,-1.83798313752889,0.0915959065574158,0.30998600424424,0.135253243049808,0.178945051283821
159,"woman",24,"other",17,6,"right-handed",1,416.711111111111,283.409961685824,-7.38620268620269,0.9,0.785714285714286,0.583333333333333,223.169811320755,208.388148148148,324.463481436397,320,-1410,400,830,500,120,-585,-55,-1255,195,-60,70,-920,355,320,1.08952095285255,1.27540813090181,0.869122203007293,0.646479220881146,-0.832550065081405,1.19870542671582,0.129245446841858,-0.324332020769649,-0.72535172081492,-0.335809366453367,-1.31675424809561,0.350673757984438,-0.884513767581733,-0.335361464555945,-0.306812764914237,0.23894303987295,-0.134410396532411
161,"woman",34,"french",16,4,"right-handed",1,549.781609195402,165.89010989011,207.923395445135,0.833333333333333,0.857142857142857,0.583333333333333,169.603773584906,84.0270655270656,606.548269581057,1460,-300,350,910,500,130,285,580,335,315,370,1465,1460,1615,570,1.18319964013972,1.16954918487654,0.869122203007293,-1.4295818059543,0.197005627643115,-0.754741203480938,-0.782984318581555,0.248556190300274,-0.72535172081492,0.844930666789717,0.156112143824777,-0.82322349625766,0.00643302072954193,-0.142846331779937,-0.419926616365401,-0.460319690698494,-0.341030879614611
162,"woman",20,"french",15,4.5,"right-handed",1,420.988888888889,122.986206896552,124.296511627907,0.85,0.857142857142857,0.75,171.192307692308,90.5454545454545,315.968867924528,470,-1170,650,740,250,-1450,-1730,-1885,-750,-850,470,-810,-780,-455,195,1.18319964013972,1.19369195874213,1.0471975511966,0.579740703675911,0.57287367795263,0.00398323706615965,-0.574936177474755,0.248556190300274,-0.0445683563584275,0.809915088000205,0.0789118178683002,0.38602413452554,-0.76728392701446,0.489522536514805,-0.123649447844303,0.32096034984811,0.228944479506204
164,"man",29,"french",17,6,"right-handed",1,499,117.793103448276,40.6025369978858,0.908333333333333,0.964285714285714,0.833333333333333,255.509433962264,172.019841269841,409.5,1590,-150,550,940,250,595,20,450,270,1250,1590,1200,155,1500,1280,1.38067072344843,1.29098701108241,1.15026199151093,-0.637327164630403,0.618368878434791,0.763316374686242,0.263495018997222,1.45618258783917,0.349447756183035,-1.04866192614996,-0.886027401696925,-0.00320613858385386,0.108032215887845,-0.857338830825762,0.689708454339808,0.45949303817906,0.0972875538977019
165,"woman",28,"french",16,4.5,"right-handed",1,394.804597701149,325.594202898551,76.9634387351779,0.841666666666667,0.928571428571429,0.833333333333333,180.62962962963,85.5833333333334,1195.19355766465,1970,-50,650,870,500,530,960,550,510,600,1110,1115,1970,850,1110,1.30024656381632,1.18147281448264,1.15026199151093,0.988247376700795,-1.20211337732353,0.433423598952662,-0.680233533249033,0.964351902838182,0.349447756183035,0.601891043493702,0.137680537245221,-3,0.40501447865827,0.575939652479906,0.211188708590728,-1.25622992612362,-0.156367188350996
167,"woman",24,"other",17,4.5,"left-handed",1,391.103448275862,32.2685185185185,14.9677902621723,0.925,0.857142857142857,0.666666666666667,497.622641509434,36.6766666666666,375.944578961528,1740,-50,0,1040,750,1250,530,1500,1235,1150,1370,1700,1030,1700,1740,1.18319964013972,1.32476043658762,0.95531661812451,1.04598979284074,1.36762376547631,0.995893603297671,0.554534417961298,0.248556190300274,-0.39582983854698,-3,0.716905035424166,0.136434913601489,0.225262056455118,-0.412368390578365,0.135753589904864,0.833317427458489,0.185567542261663
168,"man",29,"french",18,3.5,"right-handed",1,389.477272727273,272.286206896552,174.178472130279,0.958333333333333,0.892857142857143,0.833333333333333,233.811320754717,83.8963636363636,669.854206198608,2890,-190,150,680,2250,2010,2890,3385,705,2810,1245,3105,1930,3635,2145,1.23732315454306,1.41066464910998,1.15026199151093,1.07136010202137,-0.735098231261238,-0.44858250313613,1.29480609627038,0.579546346559658,0.349447756183035,-0.570376953191332,0.157660107368662,-1.08667146756215,1.12402416747088,0.219547752066232,0.741266733004356,-0.756784067319839,0.0680101392502496
169,"man",21,"french",15,4.5,"right-handed",1,443.602272727273,153.580049261084,96.0915943677998,0.916666666666667,0.964285714285714,0.833333333333333,159.222222222222,47.0324074074074,179.413725490196,5160,-100,850,910,3500,3200,3185,5000,3810,5650,3850,6400,4810,6350,5160,1.38067072344843,1.30738282468938,1.15026199151093,0.226944512577249,0.304850326259897,0.259878938209617,0.404784440082555,1.45618258783917,0.349447756183035,1.0737680760739,0.59425716055039,0.954299041551346,2.89810242138894,0.631656583067178,0.736804928034919,0.50634276867362,0.624934759925239
170,"man",23,"french",16,6,"right-handed",1,416.56976744186,330.443167305236,106.334811529934,0.958333333333333,0.821428571428571,0.916666666666667,237.481481481481,11.0057142857144,316.228389154705,3335,-35,400,970,2000,2045,1400,3330,2210,3830,2390,3750,2365,2880,3335,1.13450940007873,1.41066464910998,1.27795355506632,0.648684353403729,-1.24459368028884,0.166944957460933,1.29480609627038,-0.0492069971747833,0.837613541811805,-0.651277200469219,1.02093811565793,0.384944135630435,1.47180602782045,0.339448422864146,0.694404213635799,-0.230901529065826,0.267650369144707
171,"man",22,"french",16,2,"right-handed",1,493.16091954023,38.5222222222222,-14.4302907369845,0.916666666666667,0.964285714285714,1,298.056603773585,161.297777777778,270.46131147541,1560,-50,0,860,750,915,1145,740,840,1615,905,1325,-1025,1060,1560,1.38067072344843,1.30738282468938,1.5707963267949,-0.546230433577317,1.3128369686043,1.26261456121346,0.404784440082555,1.45618258783917,1.95715360966112,-1.98651637312536,-0.759040995365826,0.575404057896279,0.0845862477743906,-1.0972626006895,1.27270687919428,1.05028519590468,0.408576491469819
172,"man",23,"french",17,8,"right-handed",1,394.704545454545,250.266666666667,63.9541624106231,0.9,0.964285714285714,0.833333333333333,270.301886792453,49.7037037037037,286.480780101752,2330,-100,250,930,1250,1250,1045,2200,1150,3000,2080,3200,2330,3150,2315,1.38067072344843,1.27540813090181,1.15026199151093,0.989808312992552,-0.542191733776347,0.551453297665853,0.129245446841858,1.45618258783917,0.349447756183035,-1.3747275077148,0.56261975072127,0.508738959226597,0.686366096019726,0.0592335186663393,0.644958596954687,0.172666841038701,0.292286318886576
174,"man",24,"french",17,7,"right-handed",1,399.666666666667,85.1258741258741,134.835515976951,0.925,0.75,0.666666666666667,292.481481481481,9.51851851851859,698.784457478006,2970,-350,650,670,2000,3250,2780,2400,2350,3450,2090,3465,2970,3865,2590,1.0471975511966,1.32476043658762,0.95531661812451,0.912393208914452,0.904556542905985,-0.0916343420382832,0.554534417961298,-0.583159066314694,-0.39582983854698,-1.86362563192522,1.03855166981444,-1.2070648527028,1.18654674910676,0.0291064156012239,-0.141484828966792,-0.131380883945033,-0.0812530991035337
175,"woman",19,"french",15,3,"right-handed",1,481.779069767442,301.125661375661,82.5231157186887,0.95,0.75,0.833333333333333,167.924528301887,97.1644444444445,247.637627118644,1805,-275,1200,630,250,930,770,630,790,1100,-275,480,830,780,1805,1.0471975511966,1.38562501074904,1.15026199151093,-0.368659784434534,-0.987751924065837,0.382982130654548,1.07902930757237,-0.583159066314694,0.349447756183035,0.881945764696953,0.000520028691078783,0.670384934299852,0.27606165403427,0.171268669651166,0.281772665813569,0.0218717136295208,0.158304349698085
176,"man",23,"french",17,2.5,"right-handed",1,408.27380952381,334.467980295567,11.4561056920608,0.866666666666667,0.857142857142857,0.833333333333333,242.981132075472,9.74461538461537,779.361293859649,1305,-555,300,810,750,1400,1305,1260,475,850,-745,3000,805,1945,750,1.18319964013972,1.21914613830565,1.15026199151093,0.778111350085,-1.27985384325731,1.02775418196827,-0.355587117956164,0.248556190300274,0.349447756183035,-0.77250434176342,1.03587389901691,-1.5423857596048,-0.114704481189974,0.347160302446163,0.0808056095090483,-0.598161806964614,-0.0567319650031344
178,"man",20,"french",16,6,"left-handed",1,395.211111111111,6.29100529100538,48.3020833333333,0.891666666666667,0.678571428571429,0.666666666666667,281.555555555556,128.031468531469,549.557142857143,2355,-135,350,1140,1000,1000,750,1500,1470,1950,2330,1800,2355,2600,1420,0.968001774042632,1.26052180642484,0.95531661812451,0.981905274886661,1.59520486107456,0.693460441771217,0.000963909990026824,-1.06747762811253,-0.39582983854698,-1.62278873813432,-0.365052555900336,-0.586054637853792,0.705904402780938,-0.335312006382665,-0.48744785222316,0.567536888330662,-0.0850743234250544
179,"man",23,"french",17,2,"right-handed",1,417.977011494253,33.2413793103449,238.096861681519,0.75,0.928571428571429,0.583333333333333,248.88679245283,24.1643356643357,293.054402515723,1395,-325,400,820,500,240,745,895,1095,665,1395,950,1070,1250,925,1.30024656381632,1.06200468763857,0.869122203007293,0.626729640868058,1.35910082785217,-1.02849702510885,-1.70973916709999,0.964351902838182,-0.72535172081492,-0.902681034403454,0.865094416133148,0.48138279673042,-0.0443665768496097,0.196381007532584,-0.49024632835891,0.270662199824579,-0.00773437366724898
180,"man",20,"french",14,4,"right-handed",1,502.61797752809,353.104285714286,169.057031576019,0.883333333333333,0.75,0.666666666666667,188.115384615385,86.8772727272727,290.211147540984,3460,-150,950,1160,1500,2500,1960,2500,3300,3250,2490,3115,3260,4200,3460,1.0471975511966,1.24623145923122,0.95531661812451,-0.693771998385188,-1.44312084914622,-0.40211703722425,-0.12218184724377,-0.583159066314694,-0.39582983854698,0.436884801398355,0.122355808589377,0.49321501650345,1.56949756162652,-0.044843796132485,-0.367056917368481,-0.450674289955674,-0.287525001152214
