"Participant","Sex","Age","NativeLanguage","EducationLevel","VGexp","Handedness","Inclusion","antisaccade","categoryswitch","colorshape","dualnback","keeptrack","lettermemory","stopsignal","stroop","numberletter","SF","Flight","Bonus","Mine","Fortress","SF_multi_01","SF_multi_02","SF_multi_03","SF_multi_04","SF_multi_05","keeptrack_asin","dualnback_asin","lettermemory_asin","zscore_antisaccade","zscore_categoryswitch","zscore_colorshape","zscore_dualnback","zscore_keeptrack","zscore_lettermemory","zscore_stopsignal","zscore_stroop","zscore_numberletter","zscore_SF","zscore_inhibition","zscore_WM","zscore_shifting","zscore_EF"
1,"man",23,"french",16,9,"right-handed",1,443.057471264368,139.076923076923,34.4219237552571,0.916666666666667,0.964285714285714,0.916666666666667,228.740740740741,51.7261904761905,104.550933786078,1985,-405,550,1090,750,1590,1985,1895,1425,1945,1.38067072344843,1.30738282468938,1.27795355506632,0.21534524704899,0.427753281501143,0.817798814160575,0.461165821794085,1.38109750236034,0.995267081096911,-0.450252535773917,0.504631174466395,1.28910494023406,0.395423961260679,0.0899079619138227,0.945843468417111,0.844885678631927,0.626879036320953
2,"woman",25,"french",17,3,"right-handed",1,584.103448275862,189.736772486773,72.3854903943376,0.933333333333333,0.785714285714286,0.75,200.346153846154,10.3911111111111,266.701960784314,-270,-1460,400,540,250,-270,-1090,-870,-410,-810,1.08952095285255,1.34334645746675,1.0471975511966,-2.04486677432863,-0.0122080766370426,0.472450765540486,0.704768897058709,-0.213322384918712,0.120638434072353,0.174145379254698,1.01123397229858,0.575742509465227,-1.41553968791938,-0.286495807591782,0.204028315404117,0.345328399456223,0.0876203024228528
3,"man",22,"french",15,8,"right-handed",1,429.310344827586,183.602809706258,91.0079900124844,0.958333333333333,0.892857142857143,0.916666666666667,210.490566037736,187.655714285714,457.957627118644,2550,-100,550,1100,1000,1540,1600,1640,1940,2550,1.23732315454306,1.41066464910998,1.27795355506632,0.435638098289127,0.0410630370184934,0.303045083384824,1.07017350995566,0.743329547448719,0.995267081096911,-0.0489305839607471,-1.16132128353416,-0.26566201050772,0.849168733671649,-0.258204589735259,0.936256712833763,0.0261487032985325,0.234733608799012
4,"man",23,"french",18,6,"right-handed",1,414.752808988764,123.634738186462,101.120531400966,0.941666666666667,0.928571428571429,0.5,159.148148148148,19.24,221,3990,-100,850,990,2250,1580,1860,2450,2900,3990,1.30024656381632,1.36346742528384,0.785398163397448,0.668917474289051,0.561862733388049,0.211053030364523,0.826570434691035,1.06221352490453,-1.19130453646448,1.0800909017823,0.90278197613272,0.776802363599576,2.00561558725005,0.883930117401357,0.232493141043695,0.516572709117383,0.544331989187478
5,"woman",31,"french",20,3,"right-handed",1,519.784090909091,52.8940886699507,49.7932340009771,0.875,1,0.75,206,66.9763636363637,266.822580645161,130,-1330,250,710,500,-125,-960,130,-420,65,1.5707963267949,1.23246031474537,1.0471975511966,-1.01417176403555,1.17621813711355,0.677968643603609,-0.147841866367502,1.69998147981615,0.120638434072353,0.0498171133264138,0.317725028184842,0.575211858018081,-1.09430445081427,-0.215543207508098,0.557592682507,0.809799546245081,0.383949673747994
6,"man",24,"french",18,3.5,"right-handed",1,413.722222222222,-5.15581098339715,5.06871035940804,0.883333333333333,0.678571428571429,0.833333333333333,230.735849056604,18.4846153846154,371.316263632053,2270,-120,500,640,1250,1240,1470,1630,2270,1320,0.968001774042632,1.24623145923122,1.15026199151093,0.685432263637642,1.6803592466666,1.08481995744141,-0.026040328735191,-1.16997431728614,0.557952757584629,-0.494125034335204,0.912039971169172,0.115505440640112,0.624304067698071,0.367782400157203,-0.212687296145568,0.960228214916043,0.371774439642559
7,"man",27,"french",15,8,"right-handed",1,440.797752808989,231.185185185185,76.8831395348837,0.958333333333333,0.928571428571429,1,212.074074074074,182.25,464.848584595128,3110,-570,900,1030,1750,2130,2595,2965,3015,3110,1.30024656381632,1.41066464910998,1.5707963267949,0.251556438080411,-0.372171640601362,0.431536423407351,1.07017350995566,1.06221352490453,1.43258140460919,-0.0837519786156908,-1.09506884073039,-0.295977884953602,1.2988980656188,-0.309088127088556,1.18832281315646,-0.0788710340492044,0.266787884006233
8,"man",22,"french",17,5,"right-handed",1,461.166666666667,41.88,23.6152906692721,0.933333333333333,1,0.916666666666667,208.222222222222,75.6923076923077,116.580575317043,1175,-525,350,850,500,280,815,795,845,1175,1.5707963267949,1.34334645746675,1.27795355506632,-0.0748482204500299,1.27187127201892,0.916104900200351,0.704768897058709,1.69998147981615,0.995267081096911,0.000950372371989513,0.210902404101039,1.23618209119222,-0.25507739387717,0.0456681853409994,1.13333915265726,1.14138608780383,0.773464475267362
9,"man",20,"french",15,8,"right-handed",1,412.133333333333,50.1909937888198,59.825956937799,0.983333333333333,0.821428571428571,0.75,272.471698113208,57.4120879120878,156.260327868853,3310,-150,1000,960,1500,2115,2460,2190,3310,2795,1.13450940007873,1.5707963267949,1.0471975511966,0.710893647530978,1.19969347920266,0.586702685335854,1.43557812285261,0.105561592537092,0.120638434072353,-1.41189775029821,0.434944806532481,1.06161616178264,1.45951568417136,-0.088686432078249,0.553926049820684,0.949337442107051,0.471525686616495
11,"woman",26,"french",17,3,"right-handed",1,549.701149425287,230.590909090909,305.689873417722,0.75,0.607142857142857,0.416666666666667,291.245283018868,84.0973913043479,446.406026365349,-1295,-2165,-200,570,500,-1605,-1295,-1355,-1750,-1300,0.893378412739926,1.06200468763857,0.701674123787604,-1.49358207218673,-0.367010580697069,-1.64987915613495,-1.97486493085225,-1.80774227219777,-1.62861885997676,-1.8247295099651,0.107889686107558,-0.214842239919827,-2.23870498300123,-1.07014063201476,-1.80374202100893,-0.74391065891728,-1.20593110398032
12,"woman",23,"french",17,3,"right-handed",1,446.730337078652,255.781746031746,39.4212880143114,0.9,0.857142857142857,0.833333333333333,208.518518518519,147.033816425121,502.127213114754,1620,-520,400,990,750,-410,955,1240,1330,1620,1.18319964013972,1.27540813090181,1.15026199151093,0.1564888681416,-0.585783335891507,0.772320455722353,0.217562746529448,0.424445569992906,0.557952757584629,-0.00556519308861623,-0.663459239344747,-0.45998038033575,0.102296807402266,-0.170845188097254,0.399987024702328,-0.0911477535016346,0.0459980277011462
13,"man",21,"french",14,6,"right-handed",1,406.738636363636,110.814814814815,215.864980449658,0.9,0.857142857142857,0.416666666666667,237.074074074074,122.681818181818,174.090136054422,1665,-185,600,1000,250,1380,190,1495,935,1665,1.18319964013972,1.27540813090181,0.701674123787604,0.797341763251463,0.67319884992851,-0.832757524783907,0.217562746529448,0.424445569992906,-1.62861885997676,-0.633502814353019,-0.36500111050215,0.983176231164516,0.138435771576591,-0.067054053867902,-0.328870181151469,0.274539185436373,-0.0404616831943326
14,"man",23,"french",17,5.5,"right-handed",1,404.658536585366,65.5057471264367,45.5782392894463,0.916666666666667,0.678571428571429,0.833333333333333,195.301886792453,89.1153846153845,304.895457033388,2840,-150,800,440,1750,1185,1815,2070,2095,2840,0.968001774042632,1.30738282468938,1.15026199151093,0.830674628350676,1.06669072146727,0.71631172691846,0.461165821794085,-1.16997431728614,0.557952757584629,0.285068980392875,0.0463891521803875,0.40771517206146,1.08206428057285,0.387377586974646,-0.0502852459691425,0.730239206815732,0.355777182607078
15,"man",20,"french",14,4.5,"left-handed",1,540.277777777778,43.6441379310345,52.8206851971559,0.95,0.785714285714286,1,151.037037037037,115.642512077295,358.665817770232,3680,-100,700,1080,2000,2050,1980,2870,3340,3680,1.08952095285255,1.38562501074904,1.5707963267949,-1.34257586604819,1.25655041084143,0.650428439785756,0.948371972323347,-0.213322384918712,1.43258140460919,1.25845450626596,-0.278727363792925,0.171159437887976,1.75665827849359,-0.120949574525051,0.722543664004608,0.692712762838386,0.431435617439314
18,"woman",24,"french",17,3,"right-handed",1,453.103448275862,109.594861660079,38.7519415967692,0.925,0.857142857142857,0.916666666666667,300.358490566038,42.88,87.8333333333334,585,-465,-100,900,250,-620,-410,250,585,-140,1.18319964013972,1.32476043658762,1.27795355506632,0.0543620096042845,0.683793675082456,0.778409385177972,0.582967359426398,0.424445569992906,0.995267081096911,-2.02512924857727,0.613050098881976,1.36265185705823,-0.728899368607209,-0.452572380030338,0.667560003505405,0.941618305772885,0.385535309749317
19,"man",20,"french",14,6,"right-handed",1,493.966292134831,350.535714285714,217.741935483871,0.9,0.821428571428571,0.833333333333333,199.740740740741,145.076923076923,320.129032258065,1405,-505,50,860,1000,350,1405,425,1235,440,1.13450940007873,1.27540813090181,1.15026199151093,-0.600450647052998,-1.40868520093125,-0.849831862518704,0.217562746529448,0.105561592537092,0.557952757584629,0.187458433681384,-0.639475551385657,0.340697031919223,-0.0703671325417316,-0.350822588252424,0.29369236555039,-0.639273343843578,-0.232134522181871
20,"man",20,"french",15,3,"left-handed",1,433.965517241379,324.818646232439,44.9178571428571,0.85,0.642857142857143,0.75,144.814814814815,275.656923076923,96.8722548716363,140,-1100,100,390,750,-1605,-320,-1035,-550,140,0.930274014115472,1.19369195874213,1.0471975511966,0.361040602676877,-1.18534233039656,0.72231910994009,-0.513246479264453,-1.48885829474196,0.120638434072353,1.39528138093836,-2.23986423714717,1.32288629306854,-1.08627356988665,-0.161180751177312,-0.627155446644685,0.286621024204021,-0.167238391205992
21,"man",26,"french",14,9,"right-handed",1,440.730337078652,212.510344827586,23.5475177304965,0.916666666666667,0.857142857142857,0.833333333333333,173.111111111111,94.1196581196582,406.330367074527,2190,-100,750,1040,500,1745,1530,1940,2190,2080,1.18319964013972,1.30738282468938,1.15026199151093,0.252636751375169,-0.209987816084396,0.916721418990008,0.461165821794085,0.424445569992906,0.557952757584629,0.773044879451968,-0.014943231773478,-0.0385345701159499,0.560057020277049,0.336912799684553,0.48118804979054,0.222733010929887,0.346944620134993
22,"man",21,"french",16,6.5,"right-handed",1,442.604651162791,28.5148148148148,87.6684995112414,0.983333333333333,0.714285714285714,1,184.547169811321,19.6574074074074,30.8143800440205,1605,-525,800,830,500,850,1605,750,1320,1390,1.00685368543427,1.5707963267949,1.5707963267949,0.222601529424363,1.38794277823818,0.333423855193961,1.43557812285261,-0.851090339830338,1.43258140460919,0.521565566332705,0.897666230289805,1.61349935319405,0.0902504860108239,0.547277775348958,0.672356395877152,1.11162199554206,0.777085388922725
23,"man",32,"french",15,5.5,"right-handed",1,425.701149425287,507.787545787546,109.282051282051,0.458333333333333,0.821428571428571,0.333333333333333,201.111111111111,58.3369565217392,303.986943164363,-640,-1320,-50,230,500,-845,-1030,-1345,-990,-640,1.13450940007873,0.75147383620274,0.615479708670387,0.493474181307023,-2.77435703302737,0.136809085070793,-3,0.105561592537092,-2.06593318348904,0.157323943426161,0.423609615395231,0.411712061097519,-1.71268228224161,0.358135913376138,-1.65345719698398,-0.741945295619685,-0.67908885974251
24,"woman",26,"french",20,7,"right-handed",1,400.193181818182,336.551724137931,231.167593622544,0.858333333333333,0.928571428571429,0.833333333333333,189.566037735849,136.481481481481,623.229432624114,1295,-1155,550,900,1000,385,760,240,1180,1295,1.30024656381632,1.20623764232681,1.15026199151093,0.90223036314262,-1.28723961099601,-0.971962769862331,-0.391444941632141,1.06221352490453,0.557952757584629,0.411200492894123,-0.534129805647648,-0.992753901909795,-0.158706822745637,0.259767016796365,0.409573780285673,-1.08398542758938,-0.13821487683578
25,"man",20,"french",16,7,"right-handed",1,449.471264367816,101.964387464387,161.929198966408,0.941666666666667,0.785714285714286,0.833333333333333,161.592592592593,8.81833333333338,356.440838404327,3020,-710,100,630,3000,1445,2600,2790,-1350,3020,1.08952095285255,1.36346742528384,1.15026199151093,0.11256647531656,0.750061416291381,-0.34211297963031,0.826570434691035,-0.213322384918712,0.557952757584629,1.02633748673241,1.03050993922133,0.180947946282004,1.22662013727015,0.723137967090103,0.390400269118984,0.196298794314358,0.436612343507815
26,"man",20,"french",13,9,"right-handed",1,394.126436781609,23.3681318681319,184.649419729207,0.85,0.607142857142857,0.333333333333333,176.43137254902,-65.6162962962964,517.785630498534,2140,-100,150,840,1250,1835,365,1000,1520,2140,0.893378412739926,1.19369195874213,0.615479708670387,0.999447812039995,1.43263974527435,-0.548794927594942,-0.513246479264453,-1.80774227219777,-2.06593318348904,0.700032219437692,1.94278087725249,-0.528867558503347,0.51990261563891,1.21408696957673,-1.46230731165042,0.118325753058687,-0.0432981963383359
27,"man",23,"french",15,5.5,"right-handed",1,402.583333333333,101.298850574713,166.902760438341,0.916666666666667,0.714285714285714,0.75,226.037037037037,116.75,484.614601018676,2205,-85,450,840,1000,445,1290,1110,2205,1470,1.00685368543427,1.30738282468938,1.0471975511966,0.863929028344408,0.755841348866844,-0.387356614543579,0.461165821794085,-0.851090339830338,0.120638434072353,-0.390798000946022,-0.292300737518722,-0.382935912809153,0.572103341668491,0.0602767632932211,-0.0897620279879669,-0.00481705949529626,-0.0114341080633474
30,"man",22,"other",17,5.5,"right-handed",1,421.5,25.1871921182266,74.9080459770115,0.866666666666667,0.821428571428571,0.583333333333333,168.961538461538,276.737179487179,444.293906810036,2590,-150,600,890,1250,1095,1180,2030,1840,2590,1.13450940007873,1.21914613830565,0.869122203007293,0.560796118705234,1.41684190482496,0.449503510444718,-0.269643403999814,0.105561592537092,-0.753990212952206,0.864294120734189,-2.25310386141348,-0.205550243637442,0.88129225738216,-0.27600454065802,-0.306024008138309,0.55359839054408,-0.00947671941741651
33,"man",25,"french",15,8,"left-handed",1,392.835294117647,177.436781609195,80.9430641821946,0.908333333333333,0.857142857142857,0.75,211.518518518519,54.0370370370371,468.57079970653,2720,-100,500,1070,1250,490,1705,1870,2030,2720,1.18319964013972,1.29098701108241,1.0471975511966,1.02013791772208,0.0946126256474438,0.394603985846279,0.339364284161759,0.424445569992906,0.120638434072353,-0.0715352933770956,0.476309435375341,-0.312353287989089,0.985693709441321,0.474970686573441,0.294816096075672,0.0589544411682114,0.276247074605775
35,"woman",35,"french",17,6.5,"right-handed",1,495.544444444444,429.070197044335,240.09045691151,0.875,0.964285714285714,0.833333333333333,236,45.2815384615385,399.423728813559,890,-670,150,910,500,-635,-1060,-340,695,890,1.38067072344843,1.23246031474537,1.15026199151093,-0.625739981051242,-2.09072705651649,-1.05313252543993,-0.147841866367502,1.38109750236034,0.557952757584629,-0.60988388955838,0.583616839713134,-0.00814971009074176,-0.483957500314562,-0.217335676965496,0.597069464525821,-1.05066976401572,-0.223645325485132
36,"man",29,"french",17,9,"right-handed",1,541.367816091954,367.922360248447,117.273277074543,0.85,0.75,0.666666666666667,196.148148148148,70.4628571428572,560.776380153739,1745,-335,650,680,750,1365,725,1515,1745,1335,1.0471975511966,1.19369195874213,0.95531661812451,-1.36004334547344,-1.55968155130225,0.0641142758671002,-0.513246479264453,-0.532206362374525,-0.316675889439924,0.266459664891053,0.274994558275414,-0.717999790610302,0.202682818997613,-0.272863040768992,-0.454042910359634,-0.737855688681818,-0.488253879936815
37,"man",24,"french",15,10,"left-handed",1,613.852272727273,194.88275862069,77.7681922196797,0.916666666666667,1,0.833333333333333,211.222222222222,178.264957264957,599.497354497355,1035,-615,250,900,500,720,1035,215,-245,695,1.5707963267949,1.30738282468938,1.15026199151093,-2.52158119094366,-0.056898992121647,0.423485251068195,0.461165821794085,1.69998147981615,0.557952757584629,-0.0650197279164899,-1.04622815069027,-0.888347699537208,-0.367509726863959,-1.21094302318347,0.906366686398288,-0.173920480196887,-0.159498938994024
38,"woman",32,"french",12,10,"right-handed",1,438.056179775281,97.3499361430395,236.547462223944,0.941666666666667,0.857142857142857,0.75,202.518518518519,30.9303703703703,407.560734463277,1880,-350,800,680,750,1245,375,1225,1880,1655,1.18319964013972,1.36346742528384,1.0471975511966,0.295489178733953,0.790136155834682,-1.02090251098279,0.826570434691035,0.424445569992906,0.120638434072353,0.126375007488343,0.759504778452354,-0.0439474120043147,0.311099711520588,0.39378965489155,0.457218146252098,-0.091571255717475,0.253145515142058
39,"woman",27,"french",17,3,"right-handed",1,502.033707865169,229.546296296296,35.3199952221692,0.941666666666667,0.857142857142857,1,229.528301886792,32.4585714285714,247.814187068424,1220,-170,250,890,250,430,620,40,1220,1100,1.18319964013972,1.36346742528384,1.5707963267949,-0.72972813799253,-0.357938519307224,0.809629212195406,0.826570434691035,0.424445569992906,1.43258140460919,-0.467571031703349,0.740775143874977,0.658836822336434,-0.218938429702845,-0.152174675273634,0.894532469764376,0.370175838408205,0.370844544299649
40,"woman",24,"french",14,5,"right-handed",1,467.872093023256,295.666666666667,424.391390400792,0.983333333333333,0.928571428571429,0.833333333333333,164.148148148148,187.481481481482,396.593837535014,3730,-300,1150,1130,1750,2420,2130,3000,3730,3620,1.30024656381632,1.5707963267949,1.15026199151093,-0.182300312177465,-0.932168571066756,-2.72968647898401,1.43557812285261,1.06221352490453,0.557952757584629,0.970140734634833,-1.15918588601094,0.00430002987480503,1.79681268313173,-0.123781821184524,1.01858146844726,-1.21918500672532,-0.108128453154196
41,"man",25,"french",12,9,"right-handed",1,414.842696629213,183.884285714286,20.2285107446277,0.791666666666667,0.821428571428571,0.75,183.925925925926,54.0785714285714,198.403576751118,1715,-335,250,800,1000,635,860,1715,1520,1520,1.13450940007873,1.11353541568782,1.0471975511966,0.667477056562713,0.0386185258677904,0.946913855776132,-1.36585724269066,0.105561592537092,0.120638434072353,0.535226740140409,0.475800389807249,0.876212399501965,0.178590176214729,0.559501395503457,-0.37988573869374,0.620581593715296,0.266732416841671
42,"woman",32,"french",12,6,"right-handed",1,422.318181818182,255.590804597701,148.858695652174,0.933333333333333,0.607142857142857,0.833333333333333,236.846153846154,65.5247252747253,410.592176870748,-725,-1175,-200,150,500,-1990,-765,-1660,-725,-1260,0.893378412739926,1.34334645746675,1.15026199151093,0.547685043718836,-0.584125082785232,-0.223212854756204,0.704768897058709,-1.80774227219777,0.557952757584629,-0.628490840921801,0.335516310232503,-0.0572838500433582,-1.78094477012645,0.0849035043431792,-0.18167353918481,-0.288207262528265,-0.128325765789965
43,"man",33,"french",14,7,"right-handed",1,486.72619047619,180.793103448276,11.6929400386847,0.95,0.75,0.75,189.471698113208,107.523333333333,320.656349206349,1760,-50,400,910,500,1150,1760,1735,1060,1220,1.0471975511966,1.38562501074904,1.0471975511966,-0.484430572240635,0.0654642580175981,1.02456047721137,0.948371972323347,-0.532206362374525,0.120638434072353,0.413275024349725,-0.179218696313126,0.338377169338164,0.214729140389054,-0.0834580814013455,0.178934681340391,0.476133968189045,0.190536856042697
45,"woman",24,"french",17,5.5,"right-handed",1,484.741573033708,254.198850574713,191.162590098074,0.825,0.75,0.333333333333333,158.603773584906,158.444444444444,359.858651026393,910,-730,300,590,750,525,500,910,655,760,1.0471975511966,1.157894280365,0.615479708670387,-0.452627777886791,-0.572036496072998,-0.608044120343415,-0.878651092161403,-0.532206362374525,-2.06593318348904,1.09206171662616,-0.803307914329874,0.165911722552037,-0.467895738459307,-0.0546246585301697,-1.15893021267499,-0.338056297954792,-0.517203723053317
46,"woman",26,"french",17,4.5,"right-handed",1,365.157303370787,159.868700265252,65.0540293040293,0.958333333333333,0.964285714285714,1,194.407407407407,27.3783068783069,276.103125,1800,-170,50,1170,750,580,1245,1580,1655,1800,1.38067072344843,1.41066464910998,1.5707963267949,1.46366795480023,0.247184672702531,0.539143808508311,1.07017350995566,1.38109750236034,1.43258140460919,0.304738611972029,0.803038874208249,0.534383305757984,0.246852664099566,0.857148480326834,1.29461747230839,0.440237262322942,0.864001071652724
47,"man",31,"french",12,8,"right-handed",1,446.449438202247,116.862068965517,695.114449960805,0.866666666666667,0.821428571428571,0.25,220.433962264151,69.4113712374582,170.44262295082,1865,-35,200,950,750,1025,935,1495,1865,1295,1.13450940007873,1.21914613830565,0.523598775598299,0.160990173536438,0.620680767459984,-3,-0.269643403999814,0.105561592537092,-2.50324750700132,-0.267586199382309,0.287881571188863,0.999222992397024,0.299053390129146,0.0604285151143308,-0.889109772821347,-0.460032080047664,-0.429571112584893
49,"woman",23,"french",17,6.5,"right-handed",1,414.682926829268,140.157142857143,52.1170182841068,0.908333333333333,0.964285714285714,0.916666666666667,217.111111111111,12.8461538461538,312.896717600453,1975,-395,600,1020,750,-25,520,1975,850,795,1.38067072344843,1.29098701108241,1.27795355506632,0.67003731124094,0.418371987100751,0.656829576897301,0.339364284161759,1.38109750236034,0.995267081096911,-0.19451659144573,0.981144964669366,0.372514663048351,0.387393080333052,0.485555228154859,0.905242955873002,0.482572075682134,0.624456753236665
50,"man",24,"french",17,7,"right-handed",1,429.597701149425,108.168719211823,36.73564122738,0.95,0.892857142857143,0.75,200.925925925926,122,320.956179066835,2460,-170,600,1030,1000,1090,1090,1215,1635,2460,1.23732315454306,1.38562501074904,1.0471975511966,0.43103331460936,0.696179175152877,0.796751323505856,0.948371972323347,0.743329547448719,0.120638434072353,0.161396171839025,-0.356644745791413,0.337058106720721,0.776890805322999,0.078594913552324,0.604113317948139,0.609996201793152,0.430901477764538
51,"woman",25,"french",16,7,"right-handed",1,411.941176470588,220.64039408867,117.867709437964,0.866666666666667,0.821428571428571,0.833333333333333,216.37037037037,208.136363636364,355.432748538012,895,-255,250,650,250,885,895,530,645,860,1.13450940007873,1.21914613830565,1.15026199151093,0.7139728934646,-0.280594175090694,0.0587068267015431,-0.269643403999814,0.105561592537092,0.557952757584629,-0.178227677794248,-1.41233215424812,0.18538290701448,-0.479942059850748,-0.292195646192589,0.131290315373969,-0.0121681471248902,-0.0576911593145032
52,"woman",23,"french",17,8,"right-handed",1,486.349397590361,76.8620689655172,360.572446236559,0.941666666666667,0.857142857142857,0.833333333333333,198.058823529412,159.68,573.91462585034,605,-635,400,590,250,310,605,75,-415,-465,1.18319964013972,1.36346742528384,1.15026199151093,-0.478392599175647,0.968065422774525,-2.14913649953545,0.826570434691035,0.424445569992906,0.557952757584629,0.224443849384148,-0.818450885165696,-0.775799800019231,-0.712837606751954,-0.357466544985732,0.602989587422857,-0.652290292260052,-0.135589083274309
53,"woman",23,"french",12,10,"left-handed",1,409.776470588235,108.653846153846,326.660153256705,0.758333333333333,0.75,0.333333333333333,206.740740740741,111.472222222222,163.48001150417,965,-755,250,970,500,-175,-905,965,240,340,1.0471975511966,1.07202763241215,0.615479708670387,0.748661541533183,0.691966033764416,-1.84064219192292,-1.85306339321994,-0.532206362374525,-2.06593318348904,0.033528199674932,-0.227616284757814,1.0298540991993,-0.423725893357354,0.184857818816767,-1.48373431302784,-0.0396073529864015,-0.446161282399157
54,"man",28,"french",15,9,"right-handed",1,568.645569620253,52.3358320839582,388.521120689655,0.783333333333333,0.714285714285714,0.666666666666667,252.259259259259,182.877192982456,356.840418353576,-740,-490,-350,-150,250,-840,-1190,-770,-1175,-740,1.00685368543427,1.10292476069722,0.95531661812451,-1.7971597223256,1.18106638140611,-2.4033807931672,-1.48765878032299,-0.851090339830338,-0.316675889439924,-0.967425544208282,-1.10275571891167,0.179190046075267,-1.79299109151789,-1.28911366181518,-0.885141669864418,-0.347708121895275,-0.840654484524959
55,"man",20,"french",12,9,"right-handed",1,431.058823529412,192.60989010989,232.747252747253,0.8,0.678571428571429,1,226.245283018868,284.440476190476,443.938620689655,2305,-35,800,790,750,920,1270,1755,2305,1980,0.968001774042632,1.12432242738401,1.5707963267949,0.407619343945869,-0.0371600010166585,-0.986332657744298,-1.24405570505835,-1.16997431728614,1.43258140460919,-0.395377337048043,-2.34751547794757,-0.203987208390948,0.652412150944768,-0.778424490349914,-0.327149539245102,-0.409159955717301,-0.504911328437439
56,"woman",28,"french",17,8,"right-handed",1,452.552941176471,97.0714285714284,77.0454545454545,0.966666666666667,0.785714285714286,0.75,158.592592592593,26.3249158249158,326.553134248049,1430,-120,150,900,500,1035,1430,980,260,1020,1.08952095285255,1.44023681690988,1.0471975511966,0.0631836916562003,0.792554887253847,0.430059871620336,1.19197504758799,-0.213322384918712,0.120638434072353,1.09230758702089,0.815949236618492,0.312435027688243,-0.0502899302226621,0.657146838431862,0.366430365580542,0.511683262187475,0.511753488733293
57,"woman",19,"french",13,4,"right-handed",1,470.418604651163,179.551428571429,80.4930434782609,0.791666666666667,0.892857142857143,0.75,110.555555555556,85.0909090909091,376.44,965,-975,400,790,750,-625,45,310,965,610,1.23732315454306,1.11353541568782,1.0471975511966,-0.223107262619619,0.0762477279952538,0.398697746936212,-1.36585724269066,0.743329547448719,0.120638434072353,2.14864363731914,0.0957131305499278,0.0929642264540485,-0.423725893357354,0.673749835083149,-0.167296420389864,0.189303233795171,0.231918882829485
59,"woman",29,"french",17,5,"right-handed",1,557.425287356322,83.9259259259261,158.126636982714,0.883333333333333,0.857142857142857,0.75,268.547169811321,194.425925925926,1201.44146825397,-595,-1655,200,610,250,-1530,-595,-1475,-650,-675,1.18319964013972,1.24623145923122,1.0471975511966,-1.61735865749891,0.906718534889953,-0.307521726039457,-0.026040328735191,0.424445569992906,0.120638434072353,-1.32559724174472,-1.24429700806476,-3,-1.67654331806729,-1.3957509691028,0.173014558443356,-0.800267730383168,-0.67433471368087
60,"woman",21,"french",15,8,"right-handed",1,539.827586206897,217.371352785146,-19.9565217391304,0.866666666666667,0.75,0.833333333333333,203.730769230769,151.785714285714,184.48846387371,-545,-1425,-50,680,250,-925,-545,-1140,-1490,-550,1.0471975511966,1.21914613830565,1.15026199151093,-1.33536170494989,-0.252203805429852,1.31247019783264,-0.269643403999814,-0.532206362374525,0.557952757584629,0.099717573801038,-0.721698507011981,0.937430135401711,-1.63638891342915,-0.652447546053611,-0.0812990029299031,0.6658988426015,-0.022615902127338
61,"man",29,"french",20,7,"right-handed",1,453.688888888889,240,96.246109839817,0.925,0.892857142857143,0.666666666666667,191.962962962963,-61.1614814814815,407.075157232704,1960,-150,700,660,750,1585,1935,1895,1710,1960,1.23732315454306,1.32476043658762,0.95531661812451,0.0449805303206996,-0.448724925754013,0.255394806528452,0.582967359426398,0.743329547448719,-0.316675889439924,0.358492027021891,1.88818265986244,-0.0418111779024404,0.37534675894161,0.763885072401677,0.336540339145064,-0.0783804323760006,0.34068165972358
63,"woman",30,"french",14,2,"right-handed",1,463.53488372093,160.123015873016,33.9169325298358,0.825,0.75,0.25,189.22641509434,32.4615384615385,581.147916666667,890,-300,50,640,500,60,-295,250,105,890,1.0471975511966,1.157894280365,0.523598775598299,-0.112798063250867,0.244976039208926,0.82239263264785,-0.878651092161403,-0.532206362374525,-2.50324750700132,0.418668806134318,0.740738779914257,-0.807621725632129,-0.483957500314562,0.34886984093257,-1.30470165384575,0.0865823154082157,-0.289749832501654
64,"woman",20,"french",14,6.5,"right-handed",1,507.068181818182,233.394636015326,191.816784869976,0.833333333333333,0.714285714285714,0.5,160.037037037037,-44.175,454.18099698896,540,-880,550,620,250,-900,-890,-1100,540,-200,1.00685368543427,1.16954918487654,0.785398163397448,-0.810403806955319,-0.391359873477936,-0.613995217879685,-0.75684955452909,-0.851090339830338,-1.19130453646448,1.06054420540052,1.67999631605895,-0.249047215650728,-0.765038332781534,0.643378904834717,-0.933081476941304,-0.418134102336116,-0.235945558147568
65,"man",21,"french",15,5.5,"right-handed",1,520.952941176471,166.494708994709,249.904519331243,0.85,0.535714285714286,1,166.075471698113,75.63,207.573101371696,35,-755,200,340,250,35,-1395,0,-760,-255,0.821142888340209,1.19369195874213,1.5707963267949,-1.03290217720648,0.189640328737692,-1.14240936652055,-0.513246479264453,-2.44551022710939,1.43258140460919,0.927758825341654,0.211666047276143,0.835872264176141,-1.17059781962674,0.0355075651371054,-0.508725100588217,-0.038965591202239,-0.17072770888445
67,"man",20,"french",15,3.5,"right-handed",1,434.206896551724,200.670344827586,77.2951406649616,0.925,0.892857142857143,0.833333333333333,173.962962962963,40.2380952380952,175.345667299178,2500,-420,450,970,1500,1915,1635,2500,1895,2315,1.23732315454306,1.32476043658762,1.15026199151093,0.357172584385869,-0.107161958111291,0.427788519854074,0.582967359426398,0.743329547448719,0.557952757584629,0.754312628752768,0.645429287806864,0.977652684152537,0.80901432903351,0.585638166981833,0.628083221486582,0.432759748631773,0.548827045700063
68,"woman",23,"french",17,3,"right-handed",1,425.534090909091,289.675606641124,205.557277541005,0.916666666666667,0.964285714285714,0.916666666666667,202.792452830189,102.853846153846,178.55637336902,2150,-100,450,1050,750,1265,1345,1660,990,2150,1.38067072344843,1.30738282468938,1.27795355506632,0.496151235091754,-0.880138513018206,-0.738990120917421,0.461165821794085,1.38109750236034,0.995267081096911,0.120351182817234,-0.121989454083386,0.963527598860961,0.527933496566538,0.164837654608534,0.945843468417111,-0.218533678358222,0.297382481555808
69,"woman",33,"french",15,6.5,"right-handed",1,452.7,319.034482758621,48.8492424242424,0.883333333333333,0.892857142857143,0.666666666666667,235.150943396226,130.819645732689,193.176307007786,2510,-150,600,1060,1000,-700,-1345,1290,1445,2510,1.23732315454306,1.24623145923122,0.95531661812451,0.0608271258906783,-1.13510908953068,0.686555972924862,-0.026040328735191,0.743329547448719,-0.316675889439924,-0.591213106457858,-0.464738337788812,0.899209095356554,0.817045209961138,-0.331708106118664,0.133537776424535,0.150218659583578,-0.0159838900368504
70,"man",22,"french",14,10,"right-handed",1,431.179775280899,399.328042328042,318.438220551379,0.891666666666667,0.821428571428571,0.75,200.754716981132,112.5,598.338017174083,1650,-50,500,700,500,560,1070,640,1650,1580,1.13450940007873,1.26052180642484,1.0471975511966,0.405681134799391,-1.83242785240571,-1.76584868153796,0.0957612088971366,0.105561592537092,0.120638434072353,0.165161062258474,-0.240212730821782,-0.883247345217408,0.126389450185149,0.110209822078694,0.107320411835527,-1.49384129305369,-0.425437019713157
71,"woman",22,"french",17,5.5,"right-handed",1,421.772727272727,169.946086956522,116.837643255951,0.833333333333333,0.785714285714286,0.583333333333333,214.433962264151,130.189814814815,212.5091714105,675,-575,50,700,500,-475,485,415,675,660,1.08952095285255,1.16954918487654,0.869122203007293,0.55642576037644,0.159666435147076,0.0680771619308347,-0.75684955452909,-0.213322384918712,-0.753990212952206,-0.13564599880535,-0.457019129066892,0.814156663686206,-0.656621440258559,-0.0120797891652674,-0.574720717466669,0.347300086921372,-0.0798334732368547
72,"man",33,"french",17,3,"right-handed",1,573.518072289157,255.200510855683,25.132486631016,0.891666666666667,0.714285714285714,1,197.074074074074,89.1239935587762,411.621693121693,1520,-100,150,720,750,10,90,945,1315,1520,1.00685368543427,1.26052180642484,1.5707963267949,-1.87523985860311,-0.580735531359174,0.902303228989007,0.0957612088971366,-0.851090339830338,1.43258140460919,0.246098522826706,0.0462836409566132,-0.0618130733784539,0.0219879981259878,-0.527619231606596,0.225750757891995,0.0865848747504599,-0.0717611996547135
73,"woman",24,"french",19,5.5,"right-handed",1,428.52808988764,386.128078817734,120.281871345029,0.925,0.964285714285714,0.75,190.018867924528,227.005952380952,219.05291005291,1230,-560,400,890,500,640,-505,575,1050,1230,1.38067072344843,1.32476043658762,1.0471975511966,0.448173457726595,-1.71779123305089,0.0367456102651612,0.582967359426398,1.38109750236034,0.120638434072353,0.401242741907188,-1.64359786363555,0.785368333506118,-0.210907548775218,-0.264727221333924,0.694901098619696,-0.298559096426536,0.0438715936197453
74,"woman",33,"french",12,3.5,"left-handed",1,503.089887640449,228.533333333333,251.744444444445,0.766666666666667,0.642857142857143,0.333333333333333,218.037037037037,434.657407407407,956.22991202346,925,-555,850,380,250,85,-850,-385,485,925,0.930274014115472,1.082182020048,0.615479708670387,-0.746653046277076,-0.349141324563841,-1.15914684942073,-1.73126185558761,-1.48885829474196,-2.06593318348904,-0.214877733510077,-3,-2.45774635881289,-0.455849417067865,-1.32051025992905,-1.76201777793954,-1.32201151093249,-1.46817984960036
75,"woman",31,"french",17,7,"right-handed",1,724.880952380952,224.759523809524,125.241049273307,0.908333333333333,0.75,0.666666666666667,213.962962962963,50.85,735.441028225806,-855,-1745,150,490,250,-3255,-2050,-2270,-1220,-855,1.0471975511966,1.29098701108241,0.95531661812451,-3,-0.316367236547563,-0.00836718002065964,0.339364284161759,-0.532206362374525,-0.316675889439924,-0.125288708426958,0.515369766323243,-1.48641427570282,-1.88534622218561,-0.869972980701238,-0.169839322550897,-0.603716230757016,-0.547842844669717
76,"woman",33,"french",15,2,"right-handed",1,443.223529411765,404.655172413793,344.168417104276,0.833333333333333,0.678571428571429,0.666666666666667,307.37037037037,285.482905982906,825.060689655172,-915,-1625,150,310,250,-2690,-915,-2930,-3080,-2835,0.968001774042632,1.16954918487654,0.95531661812451,0.212684223821339,-1.87869193362207,-1.99991186255128,-0.75684955452909,-1.16997431728614,-0.316675889439924,-2.17932071987812,-2.3602914991262,-1.88068436270405,-1.93353150775138,-1.44230933172766,-0.747833253751719,-1.9197627196258,-1.36996843503506
77,"woman",19,"french",14,5.5,"right-handed",1,473.233333333333,118.869565217391,224.665750915751,0.95,0.964285714285714,0.75,211.222222222222,230.972307692308,641.213362068966,1095,-395,250,740,500,570,-300,635,700,1095,1.38067072344843,1.38562501074904,1.0471975511966,-0.268212296730862,0.603246432622421,-0.912816622911157,0.948371972323347,1.38109750236034,0.120638434072353,-0.0650197279164899,-1.69220952058152,-1.07187186903617,-0.319324441298193,-0.675147181742958,0.816702636252012,-0.460480686441636,-0.106308410644194
78,"woman",18,"french",15,2,"right-handed",1,476.944444444444,207.142857142857,-2.89247311827955,0.975,0.75,0.75,157.423076923077,102.730434782609,315.7803897309,700,-810,350,910,250,185,-115,700,-130,505,1.0471975511966,1.47860834196894,1.0471975511966,-0.327681543027179,-0.16337324460278,1.15724147686461,1.3137765852203,-0.532206362374525,0.120638434072353,1.11802527568987,-0.12047692412304,0.359828321194109,-0.63654423793949,0.223288936179883,0.300736218972708,0.451232184485312,0.325085779879301
80,"man",22,"french",17,3,"right-handed",1,414.195402298851,130.769230769231,43.7365362262689,0.625,0.678571428571429,1,187.622641509434,27.3927272727273,337.940303124033,2115,-735,500,850,1500,1040,925,2020,415,2115,0.968001774042632,0.922710887939562,1.5707963267949,0.677849719844946,0.499902402220314,0.733065383524349,-3,-1.16997431728614,1.43258140460919,0.45393584087974,0.802862137831509,0.262338653836503,0.499825413319841,0.644882566185398,-0.912464304225652,0.498435479860389,0.0769512472733786
81,"man",22,"french",15,8,"right-handed",1,438.563218390805,94.7072463768116,53.3908045977012,0.966666666666667,1,0.833333333333333,180.961538461538,-0.694814814814777,149.088992974239,2110,-150,300,960,1000,1085,2110,2020,1615,1745,1.5707963267949,1.44023681690988,1.15026199151093,0.287364063800568,0.813086902673291,0.645242161469743,1.19197504758799,1.69998147981615,0.557952757584629,0.600413719580271,1.14710309791539,1.09316552034659,0.495809972856027,0.678293627098742,1.14996976166292,0.850498194829874,0.892920527863846
82,"woman",31,"french",20,6,"right-handed",1,529.906976744186,168.851282051282,46.4354005167959,0.941666666666667,0.928571428571429,1,171.148148148148,51.6043956043956,469.964691046658,2920,-100,650,1120,1250,1540,925,1560,2920,1020,1.30024656381632,1.36346742528384,1.5707963267949,-1.17638743824546,0.169174395763163,0.708514278379648,0.826570434691035,1.06221352490453,1.43258140460919,0.816210500628381,0.506123892607032,-0.318485532311119,1.14631132799388,0.0486489849966508,1.10712178806825,0.186401047277231,0.447390606780711
83,"man",21,"french",15,3,"right-handed",1,508.222222222222,351.733333333333,186.468289637953,0.866666666666667,0.928571428571429,0.583333333333333,302.867924528302,154.588571428571,482.148745519713,1205,-685,700,690,500,450,1055,470,1205,1190,1.30024656381632,1.21914613830565,0.869122203007293,-0.828896897291063,-1.41908606293263,-0.565340874914671,-0.269643403999814,1.06221352490453,-0.753990212952206,-2.08031178529657,-0.75605032857144,-0.372087701081921,-0.230984751094287,-1.22175300371969,0.0128599693175043,-0.785504879643075,-0.664799304681754
84,"man",21,"french",16,6,"right-handed",1,435.022471910112,-1.64428571428562,51.3935580524345,0.9,0.964285714285714,0.75,196.962962962963,4.13166666666666,333.951123374064,3110,-50,950,960,1250,2080,2140,2595,3110,3090,1.38067072344843,1.27540813090181,1.0471975511966,0.344103276998124,1.64986299678564,0.6634107704305,0.217562746529448,1.38109750236034,0.120638434072353,0.248541859874425,1.08794973327302,0.279888533204474,1.2988980656188,0.560198290048523,0.573099560987379,0.864387433473538,0.66589509483648
85,"woman",23,"french",16,5.5,"right-handed",1,514.101123595506,224.714814814815,34.1635455680399,0.9,0.857142857142857,0.666666666666667,181.396226415094,38.8461538461538,284.827380952381,-975,-1295,0,70,250,-1955,-1100,-2070,-2105,-975,1.18319964013972,1.27540813090181,0.95531661812451,-0.923104217754425,-0.315978956079652,0.820149236174655,0.217562746529448,0.424445569992906,-0.316675889439924,0.590854916950177,0.66248892369985,0.496002072237287,-1.98171679331714,0.110079874298534,0.10844414236081,0.333390784110763,0.183971600256702
86,"woman",22,"french",17,3,"right-handed",1,484.261363636364,432.060740740741,201.604395604396,0.825,0.714285714285714,0.416666666666667,214.192307692308,89.15,298.12750385208,-15,-1055,200,590,250,-970,-15,-865,-965,-825,1.00685368543427,1.157894280365,0.701674123787604,-0.444932591709543,-2.11669878129597,-0.703031432519892,-0.878651092161403,-0.851090339830338,-1.62861885997676,-0.130332006692133,0.0459649059719946,0.437489905050355,-1.21075222426488,-0.176433230809894,-1.11945343065617,-0.794080102921835,-0.696655588129298
89,"man",34,"french",17,10,"right-handed",1,534.818181818182,190.285714285714,86.5483870967741,0.908333333333333,0.892857142857143,0.833333333333333,208.698113207547,194.274928774929,716.774147727273,1715,-205,750,920,250,1695,640,1260,715,1715,1.23732315454306,1.29098701108241,1.15026199151093,-1.25508776691057,-0.0169754255773642,0.343613325541913,0.339364284161759,0.743329547448719,0.557952757584629,-0.00951448630410186,-1.24244638674421,-1.4042917539167,0.178590176214729,-0.835682879986294,0.546882196398369,-0.359217951317384,-0.216006211635103
91,"man",35,"french",17,7,"right-handed",1,457.483146067416,222.557471264368,45.4420995670995,0.916666666666667,0.678571428571429,0.583333333333333,168.884615384615,112.868131868132,360.506733021077,1980,-50,500,1030,500,1030,1455,1380,1980,1265,0.968001774042632,1.30738282468938,0.869122203007293,-0.015821102372491,-0.297243254937975,0.717550166601936,0.461165821794085,-1.16997431728614,-0.753990212952206,0.865985661767226,-0.244724555577692,0.163060569798806,0.391408520796866,0.201813334605681,-0.487599569481421,0.194455827154256,-0.0304434692404948
92,"man",23,"french",16,3.5,"right-handed",1,395.058139534884,262.783068783069,138.399953249182,0.9,0.5,0.833333333333333,217,178.905844155844,891.099616858237,1500,-440,550,890,500,805,815,1340,1500,1090,0.785398163397448,1.27540813090181,1.15026199151093,0.984517604118282,-0.646587138159362,-0.128071470538228,0.217562746529448,-2.7643942045652,0.557952757584629,-0.192073254398011,-1.05408286143486,-2.1712140652107,0.00592623627073229,-0.0872128372381948,-0.662959566817041,-0.981957557969429,-0.577376654008221
93,"woman",31,"french",16,6.5,"right-handed",1,595.372093023256,382.586206896552,202.039402173913,0.875,0.714285714285714,0.416666666666667,171.192307692308,136.950549450549,400.917763157895,-615,-835,0,-30,250,-1470,-615,-855,-845,-975,1.00685368543427,1.23246031474537,0.701674123787604,-2.2254428308908,-1.68703143413819,-0.706988612606469,-0.147841866367502,-0.851090339830338,-1.62861885997676,0.815239430776072,-0.539878703415679,-0.0147225205826497,-1.69260507992254,-0.650027367843467,-0.875850355391533,-0.802914189109101,-0.776263970781367
95,"man",24,"french",17,6.5,"right-handed",1,450.425287356322,12.4137931034483,58.4610717896866,0.833333333333333,0.678571428571429,0.666666666666667,134.264150943396,160.336296296296,547.286521388216,2080,-300,700,930,750,340,1445,2080,1870,1670,0.968001774042632,1.16954918487654,0.95531661812451,0.0972785934997243,1.52777397517356,0.599118811222349,-0.75684955452909,-1.16997431728614,-0.316675889439924,1.62729083217421,-0.826494453607259,-0.658652905068797,0.471717330073143,0.299358324022225,-0.747833253751719,0.489413293775704,0.0136461213487366
96,"man",32,"french",17,7,"right-handed",1,459.845238095238,253.666666666667,251.05543071161,0.891666666666667,0.714285714285714,0.583333333333333,182.547169811321,100.546296296296,536.883962264151,2620,-100,200,1020,1500,1570,2320,2500,2070,2620,1.00685368543427,1.26052180642484,0.869122203007293,-0.0536727937854869,-0.567414682986485,-1.15287900977412,0.0957612088971366,-0.851090339830338,-0.753990212952206,0.565545633191691,-0.09370811939313,-0.612888194228944,0.905384900165043,0.139388240004358,-0.503106447961803,-0.777727295663184,-0.38048183454021
98,"man",20,"french",14,2,"right-handed",1,467.579545454545,231.13141025641,411.801703877791,0.9,0.857142857142857,0.916666666666667,206.830188679245,-6.85454545454547,603.80612244898,2080,-350,0,680,1750,1170,745,2080,1960,1715,1.18319964013972,1.27540813090181,1.27795355506632,-0.177612340598016,-0.371704625973936,-2.61516026191932,0.217562746529448,0.424445569992906,0.995267081096911,0.0315612365170296,1.22259676634213,-0.907303565784194,0.471717330073143,0.358848554087046,0.545758465873088,-1.29805615122582,-0.131149710421895
99,"man",30,"french",20,9,"right-handed",1,441.588235294118,199.642857142857,178.597802197802,0.916666666666667,0.75,0.583333333333333,193.339622641509,19.2275641025641,132.610526315789,3610,-100,1150,1060,1500,940,2310,2990,2670,3610,1.0471975511966,1.30738282468938,0.869122203007293,0.238889235134016,-0.0982386217313033,-0.49374440177542,0.461165821794085,-0.532206362374525,-0.753990212952206,0.328219234669629,0.90293439051129,1.16566039903115,1.70044211200019,0.490014286771645,-0.275010251177549,0.191225791841477,0.135409942478525
100,"man",30,"french",20,7,"right-handed",1,434.295454545455,115.026666666667,209.347918043622,0.883333333333333,0.892857142857143,0.833333333333333,180.018867924528,53.6836363636364,314.712023460411,3160,-100,550,960,1750,2260,3160,2020,2435,2170,1.23732315454306,1.24623145923122,1.15026199151093,0.355753473779094,0.636620532333722,-0.773472926841442,-0.026040328735191,0.743329547448719,0.557952757584629,0.62114307620212,0.480640714585411,0.364528460155769,1.33905247025694,0.485845754855542,0.425080658766052,0.0758920218826828,0.328939478501426
101,"woman",22,"french",14,6.5,"right-handed",1,403.842696629213,191.422068965517,-45.9296296296296,0.825,0.821428571428571,0.416666666666667,209.259259259259,-52.2459893048128,349.676212938006,1210,-400,350,760,500,390,110,1110,1070,1210,1.13450940007873,1.157894280365,0.701674123787604,0.843748175824256,-0.0268442300463252,1.54874310158424,-0.878651092161403,0.105561592537092,-1.62861885997676,-0.0218541067400768,1.7789143736966,0.210708039420039,-0.226969310630473,0.866936147593592,-0.800569453200357,0.577535636985985,0.21463411045974
102,"man",26,"french",18,6,"right-handed",1,472.921348314607,144.604895104895,127.014574314574,0.933333333333333,0.75,0.833333333333333,185.961538461538,45.3160535117057,364.559198542805,2280,-370,500,650,1500,2050,2085,2280,1665,1520,1.0471975511966,1.34334645746675,1.15026199151093,-0.263212846872347,0.379744965063005,-0.024500632865154,0.704768897058709,-0.532206362374525,0.557952757584629,0.490463552432806,0.583193823203898,0.145232272878933,0.632334948625699,0.270148176254786,0.243505097422938,0.166825535025595,0.226826269567773
103,"man",27,"french",17,3,"left-handed",1,450.25,263.33023872679,153.647374847375,0.883333333333333,0.892857142857143,0.916666666666667,160.735849056604,184.766025641026,570.397225725094,2290,-150,250,940,1250,775,1910,990,2290,2130,1.23732315454306,1.24623145923122,1.27795355506632,0.100087511544385,-0.651339099216812,-0.266774647336247,-0.026040328735191,0.743329547448719,0.995267081096911,1.04517730572932,-1.12590525495143,-0.760325453974174,0.640365829553327,0.00645318744075642,0.570852099936813,-0.559479733509078,0.00594185128949716
107,"man",21,"french",14,2,"right-handed",1,393.129411764706,-74.3227513227514,518.498013090229,0.95,0.714285714285714,0.75,251.37037037037,72.735,143.826422372228,1090,-220,150,910,250,395,-585,-320,580,1090,1.00685368543427,1.38562501074904,1.0471975511966,1.01542478619102,2.28104758989031,-3,0.948371972323347,-0.851090339830338,0.120638434072353,-0.947878847826508,0.247147171837941,1.11631751775444,-0.323339881762007,0.104897703400817,0.0726400221884536,0.132455035881581,0.103330920490284
109,"man",23,"french",18,2,"right-handed",1,396.162790697674,333.51724137931,47.0618854829381,0.95,0.785714285714286,0.916666666666667,214.981132075472,-8.12695652173909,786.908974358974,2445,-335,550,980,1250,1590,2055,905,2050,2445,1.08952095285255,1.38562501074904,1.27795355506632,0.966815958949322,-1.26088629231698,0.702815252189513,0.948371972323347,-0.213322384918712,0.995267081096911,-0.147678281247909,1.23819143838665,-1.71284083518823,0.764844483931557,0.685776372029356,0.576772222833849,-0.756970625105232,0.168525989919324
110,"man",24,"french",19,5.5,"left-handed",1,371.546511627907,267.231034482759,40.3170163170163,0.741666666666667,0.785714285714286,1,158.603773584906,23.5357142857143,262.540209159755,3670,-440,650,960,2500,2095,2780,2730,3670,3165,1.08952095285255,1.05210432929187,1.5707963267949,1.3612831465568,-0.685216013945305,0.764172169119733,-2.09666646848456,-0.213322384918712,1.43258140460919,1.09206171662616,0.850133695078031,0.594051596432551,1.74862739756596,1.10115951942033,-0.292469149598029,0.224335917202326,0.344342095674876
111,"woman",35,"french",20,2,"right-handed",1,536.741573033708,149.724285714286,85.0760079312624,0.9,0.821428571428571,0.833333333333333,191.62962962963,159.961538461538,155.914285714286,-235,-1595,50,810,500,-1015,-545,-1275,-315,-235,1.13450940007873,1.27540813090181,1.15026199151093,-1.28590943257772,0.33528502150641,0.357007306051503,0.217562746529448,0.105561592537092,0.557952757584629,0.365822038165048,-0.82190142099394,1.06313852939943,-1.38743160467269,-0.58066293846887,0.29369236555039,0.58514361898578,0.0993910153557664
112,"man",21,"french",17,6,"right-handed",1,423.931818181818,137.583333333333,102.801645606818,0.9,1,0.75,130.555555555556,119.565476190476,240.852459016393,2170,-590,1000,1010,750,670,1305,1605,2170,1555,1.5707963267949,1.27540813090181,1.0471975511966,0.52182709027345,0.440724535457601,0.195760223025899,0.217562746529448,1.69998147981615,0.120638434072353,1.70884296872928,-0.326807218145685,0.689464042758556,0.543995258421793,0.634620946952347,0.679394220139317,0.441982933747352,0.585332700279672
113,"woman",18,"french",12,4.5,"right-handed",1,384.317647058824,343.562857142857,144.021435354769,0.85,0.678571428571429,0.416666666666667,247.660377358491,19.7983333333334,207.310569663693,355,-1415,450,820,500,-320,-90,-120,355,-1020,0.968001774042632,1.19369195874213,0.701674123787604,1.15663020686149,-1.34812861155303,-0.179209128229188,-0.513246479264453,-1.16997431728614,-1.62861885997676,-0.866295977472102,0.895939041919592,0.837027238405055,-0.913609629942648,0.39542442376966,-1.10394655217578,-0.230103500459054,-0.312875209621726
115,"man",20,"french",13,7,"right-handed",1,428.64367816092,205.315934065934,75.9904239019407,0.825,0.75,0.416666666666667,190.339622641509,61.2142857142857,580.227459016393,1820,-100,300,1120,500,1020,1020,1635,1630,1820,1.0471975511966,1.157894280365,0.701674123787604,0.44632119642618,-0.147507118518703,0.439657304270324,-0.878651092161403,-0.532206362374525,-1.62861885997676,0.394189334958108,0.388345064277428,-0.803572291478213,0.262914425954821,0.409618531887239,-1.01315877150423,-0.170474035242198,-0.258004758286396
117,"woman",32,"french",17,4.5,"right-handed",1,437.556818181818,269.888888888889,168.318681318681,0.866666666666667,0.892857142857143,0.5,187.018867924528,55.465034965035,420.138233514822,1270,-290,300,510,750,285,1010,580,1005,1270,1.23732315454306,1.21914613830565,0.785398163397448,0.303491272097221,-0.708298459864048,-0.400237003724992,-0.269643403999814,0.743329547448719,-1.19130453646448,0.467212842195668,0.45880789051963,-0.0992804892132581,-0.178784025064707,0.409837334937506,-0.239206131005192,-0.402605317600766,-0.0773247045561507
118,"man",35,"french",17,6,"right-handed",1,454.681818181818,315.938808373591,36.8641715727501,0.766666666666667,0.642857142857143,0.333333333333333,196.11320754717,113.475714285714,453.712765957447,-1095,-1405,0,60,250,-1615,-2305,-1160,-1095,-1375,0.930274014115472,1.082182020048,0.615479708670387,0.0290691887014112,-1.10822434505044,0.795582105018457,-1.73126185558761,-1.48885829474196,-2.06593318348904,0.267228009874606,-0.252171086644975,-0.246987293903793,-2.07808736444868,0.014708703977014,-1.76201777793954,-0.186543177978592,-0.644617417313705
119,"woman",27,"french",12,5.5,"right-handed",1,628.701298701299,285.767816091954,130.183512544803,0.916666666666667,0.785714285714286,0.666666666666667,161.660377358491,117.541666666667,983.274064598657,-255,-1285,150,630,250,-1925,-465,-990,-530,-255,1.08952095285255,1.30738282468938,0.95531661812451,-2.75953159352414,-0.846200851194084,-0.0533279199430914,0.461165821794085,-0.213322384918712,-0.316675889439924,1.02484689746431,-0.302003405432862,-2.57672360352276,-1.40349336652794,-0.678896033830898,-0.0229441508548502,-1.15875079155331,-0.620196992079686
120,"woman",25,"french",17,4.5,"right-handed",1,415.227272727273,178.866459627329,78.064449064449,0.908333333333333,0.821428571428571,0.583333333333333,136.111111111111,62.4417391304347,345.313636363636,1340,-220,350,710,500,-505,-75,245,815,1340,1.13450940007873,1.29098701108241,0.869122203007293,0.661314360267598,0.0821964205089374,0.420790253408884,0.339364284161759,0.105561592537092,-0.753990212952206,1.58667611634321,0.373301393274946,0.229900629729946,-0.122567858571312,0.873763956628586,-0.103021445417785,0.244295767882589,0.33834609303113
121,"woman",23,"french",16,7,"left-handed",1,410.093023255814,189.269476372925,59.0009990009991,0.85,0.857142857142857,0.75,213.716981132075,63.2230769230769,633.433589829374,960,-540,200,550,750,-450,-20,-340,960,160,1.18319964013972,1.19369195874213,1.0471975511966,0.743588896713239,-0.0081497891510698,0.594207186068781,-0.513246479264453,0.424445569992906,0.120638434072353,-0.119879559742683,0.363725316057129,-1.03764576921799,-0.427741333821168,0.329144884342562,0.0106125082669352,-0.150529457433425,0.063075978392024
122,"man",22,"french",18,3,"right-handed",1,394.258426966292,35.4444444444445,76.2526542324247,0.941666666666667,0.857142857142857,0.833333333333333,181.192307692308,84.3076923076923,281.075366568915,3170,-50,650,820,1750,1340,2870,2920,3170,3130,1.18319964013972,1.36346742528384,1.15026199151093,0.997332715895849,1.32776160322953,0.437271839970233,0.826570434691035,0.424445569992906,0.557952757584629,0.595339096481141,0.105312236679187,0.51250857330865,1.34708335118457,0.565994683018725,0.602989587422857,0.759180672169469,0.642721647537017
123,"man",21,"french",14,3.5,"right-handed",1,408.704545454545,36.506734006734,114.673913043478,0.958333333333333,0.928571428571429,0.916666666666667,212.962962962963,144.331908831909,319.923913043478,1320,-240,300,760,500,960,-90,1320,820,550,1.30024656381632,1.41066464910998,1.27795355506632,0.765838763631375,1.31853602589352,0.0877602442323974,1.07017350995566,1.06221352490453,0.995267081096911,-0.103298674997465,-0.630344655624809,0.341599427323211,-0.138629620426568,0.0107318110030337,1.0425513719857,0.58263189914971,0.545305027379481
124,"woman",21,"french",16,6.5,"left-handed",1,507.081395348837,117.846666666667,57.9856910569105,0.941666666666667,0.714285714285714,0.916666666666667,197.807692307692,28.5559440559441,184.076791076791,1520,-600,150,970,1000,1110,350,1520,800,285,1.00685368543427,1.36346742528384,1.27795355506632,-0.810615549122407,0.612129914134046,0.603443268141178,0.826570434691035,-0.851090339830338,0.995267081096911,0.22996623334496,0.788605751103465,0.939241236524707,0.0219879981259878,0.0693188117753395,0.323582391985869,0.718271472933311,0.370390892231506
125,"woman",20,"french",16,3.5,"right-handed",1,453.670454545455,191.533333333333,8.91898527004912,0.925,0.928571428571429,0.916666666666667,166.811320754717,186.607085346216,385.027777777778,485,-895,200,680,500,355,-575,-30,0,485,1.30024656381632,1.32476043658762,1.27795355506632,0.0452759341706957,-0.0278105183978888,1.04979466754486,0.582967359426398,1.06221352490453,0.995267081096911,0.911577479987871,-1.14846928559929,0.0551834109768517,-0.809208177883487,-0.0638719571469081,0.88014932180928,0.359055853374609,0.39177773934566
126,"man",22,"french",15,6,"left-handed",1,430.476744186047,180.558518518518,98.5958646616541,0.908333333333333,0.892857142857143,0.75,249.407407407407,165.92,657.180214458665,2185,-85,200,570,1500,1390,890,1455,1915,2185,1.23732315454306,1.29098701108241,1.0471975511966,0.416946960068958,0.0675015381417473,0.23401949028981,0.339364284161759,0.743329547448719,0.120638434072353,-0.904713226650094,-0.89492833499838,-1.14211596704344,0.556041579813235,-0.460898200526505,0.40111075522761,-0.280198312870627,-0.113328586056507
127,"man",20,"french",15,6,"left-handed",1,443.903614457831,66.7289562289562,93.1258662369057,0.783333333333333,0.678571428571429,0.666666666666667,200.679245283019,123.993311036789,126.782590051458,2490,-100,300,1040,1250,1180,1395,805,2375,2490,0.968001774042632,1.10292476069722,0.95531661812451,0.201786100888331,1.05606761965587,0.283779126940946,-1.48765878032299,-1.16997431728614,-0.316675889439924,0.16682068742296,-0.38107476899926,1.19129964940688,0.800983448105882,-0.00415599356265655,-0.991436329016352,0.843715465334565,-0.0506256190814814
128,"woman",20,"french",15,6.5,"right-handed",1,378.151162790698,158.107142857143,63.0087614496217,0.933333333333333,0.928571428571429,0.666666666666667,216.471698113208,-44.5723076923077,367.928266178266,1310,-1260,500,820,1250,500,505,1130,740,1310,1.30024656381632,1.34334645746675,0.95531661812451,1.25544594175706,0.262483123028349,0.557749259074643,0.704768897058709,1.06221352490453,-0.316675889439924,-0.18045587824659,1.68486571976193,0.130410496400865,-0.146660501354195,0.919951927757465,0.483435510841106,0.316880959501286,0.573422799366619
129,"man",22,"french",17,6,"right-handed",1,444.46511627907,94.2273307790549,138.121568627451,0.916666666666667,0.785714285714286,0.833333333333333,242.074074074074,185.980072463768,607.458973233875,1805,-155,200,1010,750,1680,400,1645,1805,1350,1.08952095285255,1.30738282468938,1.15026199151093,0.192788232297677,0.81725478553596,-0.125539053423824,0.461165821794085,-0.213322384918712,0.557952757584629,-0.743452981500485,-1.14078461472399,-0.923373809453862,0.250868104563379,-0.563816454642267,0.268598731486668,-0.0772193591139085,-0.124145694089836
131,"woman",28,"french",14,5.5,"right-handed",1,524.707865168539,159.981481481481,115.762183468705,0.825,0.571428571428571,0.166666666666667,176.018867924528,-45.3782051282051,217.038819026791,30,-1240,250,770,250,-2500,30,-485,-330,-380,0.857071947850131,1.157894280365,0.420534335283966,-1.09307350946319,0.24620521110439,0.077860434994342,-0.878651092161403,-2.12662624965358,-2.94056183051359,0.709103209920092,1.69474280000618,0.794229065977443,-1.17461326009055,0.436924166821026,-1.98194639077619,0.372764904025391,-0.390752439976592
132,"woman",25,"french",14,2,"right-handed",1,502.825581395349,269.42619047619,265.278426836322,0.8,0.714285714285714,0.833333333333333,206.716981132075,14.1195652173913,409.50701754386,810,-470,200,830,250,-395,-590,135,120,810,1.00685368543427,1.12432242738401,1.15026199151093,-0.742417631945113,-0.704280101648797,-1.28226316390004,-1.24405570505835,-0.851090339830338,0.557952757584629,0.0340506742637686,0.965538032896901,-0.0525098322062173,-0.548204547735584,0.0857236917385187,-0.512397762434687,-0.679684365918352,-0.368786145538173
133,"woman",24,"french",15,10,"right-handed",1,420.267441860465,134.552727272727,99.6900383141763,0.808333333333333,0.75,0.5,240,-5.7180952380952,292.703333333333,90,-1300,200,690,500,-25,-280,-485,-235,90,1.0471975511966,1.13530018353838,0.785398163397448,0.580547428051667,0.467044186501546,0.224065980406441,-1.12225416742604,-0.532206362374525,-1.19130453646448,-0.697844023276353,1.20866843069855,0.46135284035079,-1.12642797452478,0.363790611824621,-0.948588355421683,0.384154335752926,-0.0668811359480453
134,"man",21,"french",15,6.5,"right-handed",1,382.528735632184,117.448148148148,212.952113429641,0.866666666666667,0.714285714285714,0.833333333333333,221.754716981132,88.0357142857143,507.585749385749,1330,-350,200,980,500,1330,1330,1010,910,1190,1.00685368543427,1.21914613830565,1.15026199151093,1.18529688135545,0.615590894588851,-0.806259673546265,-0.269643403999814,-0.851090339830338,0.557952757584629,-0.296629639760882,0.0596215934421166,-0.483994503309879,-0.13059873949894,0.316096278345562,-0.187593662081841,-0.224887760755764,-0.0321283814973477
135,"woman",21,"french",15,4.5,"right-handed",1,564.488636363636,465.332307692308,115.150549450549,0.891666666666667,0.607142857142857,0.75,193.481481481481,44.1153846153846,410.682786885246,760,-540,500,550,250,-2280,-885,-195,-1435,760,0.893378412739926,1.26052180642484,1.0471975511966,-1.73054633343111,-2.40564957672709,0.0834243646600653,0.0957612088971366,-1.80774227219777,0.120638434072353,0.325099754036375,0.597909223089164,-0.0576824770603489,-0.588358952373723,-0.269179118768524,-0.530447543076093,-0.793302563042457,-0.530976408295691
139,"man",20,"french",15,4.5,"right-handed",1,396.25,84.4655172413793,13.6524154589372,0.9,0.892857142857143,1,247.792452830189,-28.5654545454545,83.4647221127316,1420,-50,300,420,750,520,1365,1420,625,880,1.23732315454306,1.27540813090181,1.5707963267949,0.965418460646502,0.902032391311717,1.00673546569081,0.217562746529448,0.743329547448719,1.43258140460919,-0.869200321509958,1.48868570237128,1.38187099601223,-0.0583208111502899,0.52830128050261,0.797824566195785,1.09687961767158,0.807668488123326
140,"man",22,"french",16,4,"right-handed",1,399.795454545455,361.115384615385,205.889090909091,0.825,0.642857142857143,0.583333333333333,174.264150943396,196.877995642702,621.064285714286,2195,-435,450,930,1250,1320,1395,880,2195,2060,0.930274014115472,1.157894280365,0.869122203007293,0.908603802372113,-1.50056557920161,-0.742008570165459,-0.878651092161403,-1.48885829474196,-0.753990212952206,0.747689494994484,-1.27434957837742,-0.983228618652827,0.564072460740863,0.127314572996394,-1.04049986661852,-1.07526758933997,-0.662817627654031
142,"man",25,"french",17,9,"right-handed",1,436.314606741573,152.080901856764,125.309803921569,0.891666666666667,0.75,0.5,205.5,328.065714285714,1366.86830357143,3025,-35,950,860,1250,445,2290,3025,1345,1920,1.0471975511966,1.26052180642484,0.785398163397448,0.323397272181901,0.314818714347325,-0.00899262925298755,0.0957612088971366,-0.532206362374525,-1.19130453646448,0.0608121300411604,-2.8821864647853,-3,1.23063557773397,-0.83265902085408,-0.542583229980624,-0.898057971635221,-0.757766740823308
143,"woman",27,"french",16,1,"right-handed",1,536.816091954023,269.790450928382,325.393258426966,0.925,0.75,0.583333333333333,323.666666666667,39.1904761904763,897.493439037726,-885,-1245,0,110,250,-1750,-1605,-1195,-1400,-885,1.0471975511966,1.32476043658762,0.869122203007293,-1.28710357198591,-0.707443563939533,-1.82911746714095,0.582967359426398,-0.532206362374525,-0.753990212952206,-2.53767682021062,0.658268908505268,-2.19934285733924,-1.90943886496849,-1.05550382789709,-0.234409738633444,-1.57863462947324,-0.956182732001258
144,"man",22,"french",16,6,"right-handed",1,513.530120481928,11.2002652519893,40.1739130434783,0.916666666666667,1,1,175.924528301887,31.2592592592592,138.601960784314,3640,-350,800,940,2250,3360,3095,3640,2205,400,1.5707963267949,1.30738282468938,1.5707963267949,-0.913954094306041,1.5383129990334,0.765473955032983,0.461165821794085,1.69998147981615,1.43258140460919,0.711177741375694,0.755473915711884,1.13930185949316,1.72453475478308,0.184232520927179,1.19790956873981,1.14769627118652,0.843279453617834
145,"woman",26,"french",16,6,"right-handed",1,463.941176470588,153.829230769231,55.9629629629629,0.808333333333333,0.892857142857143,0.583333333333333,193,121.791666666667,205.001214329083,-770,-1630,100,510,250,-905,-770,-2025,-1100,-950,1.23732315454306,1.13530018353838,0.869122203007293,-0.119308761226327,0.29963514843148,0.621843678375941,-1.12225416742604,0.743329547448719,-0.753990212952206,0.335687547909825,-0.354091412129802,0.847186947939453,-1.81708373430077,-0.0459042084821017,-0.377638277643176,0.589555258248958,0.0553375907078935
146,"man",23,"french",17,9,"right-handed",1,425.022988505747,43.5866666666666,241.363837312113,0.8,0.642857142857143,0.416666666666667,233.038461538462,36.2083333333334,253.277597402597,2115,-485,400,700,1500,1930,2010,2115,1940,1785,0.930274014115472,1.12432242738401,0.701674123787604,0.504341470791274,1.2570495267255,-1.06471624834669,-1.24405570505835,-1.48885829474196,-1.62861885997676,-0.54475955978643,0.694818056061524,0.634801256552965,0.499825413319841,0.218133322355456,-1.45384428659236,0.275711511643924,-0.319999817530992
148,"man",24,"french",17,2.5,"right-handed",1,417.697674418605,329.972148541114,125.413171355499,0.875,0.571428571428571,0.75,165.884615384615,93.4245014245014,381.117741935484,1470,-150,200,920,500,-690,-185,380,1470,710,0.857071947850131,1.23246031474537,1.0471975511966,0.621727044707897,-1.23009852097561,-0.00993294505466054,-0.147841866367502,-2.12662624965358,0.120638434072353,0.931955762055705,-0.00642339022224271,0.0723851069789527,-0.018166406512151,0.51575313884712,-0.717943227316244,-0.389215453017105,-0.19713518049541
149,"woman",26,"french",19,2,"right-handed",1,506.37037037037,492.610248447205,133.161791928915,0.825,0.75,0.75,275.339622641509,248.153846153846,484.974528301887,-1330,-2390,100,460,500,-1740,-1370,-2820,-1640,-1330,1.0471975511966,1.157894280365,1.0471975511966,-0.799221624688107,-2.64254802789785,-0.0804208162277549,-0.878651092161403,-0.532206362374525,0.120638434072353,-1.47496350654881,-1.90278648303995,-0.384519366250088,-2.26681306624793,-1.39232387142562,-0.430073006821192,-1.03582940345856,-0.952742093901792
150,"woman",25,"french",17,4.5,"right-handed",1,375.047058823529,139.244708994709,65.5546265328874,0.941666666666667,0.785714285714286,0.75,189.037037037037,128.029761904762,180.122205663189,2765,-735,550,950,2000,1850,1195,2765,2005,1290,1.08952095285255,1.36346742528384,1.0471975511966,1.30518811272043,0.426296125170725,0.534589961453466,0.826570434691035,-0.213322384918712,0.120638434072353,0.422833235945224,-0.430545517197577,0.956638922592775,1.02183267361565,0.432491943822691,0.244628827948225,0.639175003072322,0.43876525828108
151,"woman",22,"french",16,5.5,"right-handed",1,435.566666666667,79.6428571428571,148.666367598052,0.925,0.785714285714286,0.416666666666667,232.884615384615,26.7101449275362,334.568926974665,2005,-85,800,790,500,770,2005,1615,1315,1390,1.08952095285255,1.32476043658762,0.701674123787604,0.335382748013196,0.943915344212326,-0.221463279464256,0.582967359426398,-0.213322384918712,-1.62861885997676,-0.541376477720335,0.811227868129751,0.277170586322354,0.411485723115935,0.201744712807537,-0.419657961823024,0.333207550356808,0.0384314337804404
152,"man",23,"french",16,6.5,"right-handed",1,474.795454545455,103.333333333333,21.0705882352941,0.858333333333333,0.607142857142857,0.75,225.11320754717,51.1666666666667,333.087878787879,1910,-100,650,860,500,1365,1910,1285,1850,1150,0.893378412739926,1.20623764232681,1.0471975511966,-0.293244738047494,0.738172646570679,0.939253621400546,-0.391444941632141,-1.80774227219777,0.120638434072353,-0.370482959580695,0.511488699157589,0.283686265896946,0.335192354303471,-0.0507463328235333,-0.692849593252519,0.653704177956057,-0.0299639160399985
153,"man",21,"french",16,4.5,"right-handed",1,361.117647058824,-50.8311111111111,6.52574484339192,0.925,0.892857142857143,0.833333333333333,181.62962962963,34.6183574879227,240.072281167109,2350,-150,400,850,1250,1310,2340,1880,2315,2350,1.23732315454306,1.32476043658762,1.15026199151093,1.52840202203129,2.07703170644796,1.07156556486551,0.582967359426398,0.743329547448719,0.557952757584629,0.585722372459979,0.714304802528283,0.692896334106321,0.688551115119093,0.94280973233985,0.628083221486582,1.28049786847326,0.950463607433231
154,"woman",22,"french",17,3,"right-handed",1,438.136363636364,91.4285714285714,46.9299712568592,0.916666666666667,0.785714285714286,0.666666666666667,279.943396226415,96.2008547008547,410.061764705882,-285,-1275,100,390,500,-870,-310,-1235,-380,-285,1.08952095285255,1.30738282468938,0.95531661812451,0.294204260648516,0.841560936842862,0.70401525325882,0.461165821794085,-0.213322384918712,-0.316675889439924,-1.57620064158271,-0.0404503803520692,-0.0549503704580437,-1.42758600931083,-0.440815587095421,-0.0229441508548502,0.496875273214546,0.0110385117547583
155,"woman",21,"french",16,2,"right-handed",1,698.75,181.34962962963,101.636052760137,0.908333333333333,0.821428571428571,0.916666666666667,233.851851851852,203.286324786325,199.747767857143,1220,-420,250,890,500,200,1000,1220,480,-385,1.13450940007873,1.29098701108241,1.27795355506632,-3,0.0606310416255188,0.206363421058205,0.339364284161759,0.105561592537092,0.995267081096911,-0.562646039969102,-1.35289007045959,0.870298804919414,-0.218938429702845,-1.63851203680956,0.480064319265254,0.379097755867713,-0.259783320558866
157,"woman",21,"french",15,3.5,"right-handed",1,364.732558139535,228.476923076923,23.8267020335986,0.916666666666667,0.892857142857143,0.916666666666667,163.094339622642,10.9404186795491,104.847936687394,1640,-50,250,940,500,770,325,1130,1390,1640,1.23732315454306,1.30738282468938,1.27795355506632,1.4704743472833,-0.348651423126861,0.91418172731145,0.461165821794085,0.743329547448719,0.995267081096911,0.993314019338995,1.00450165787424,1.28779831445715,0.118358569257521,1.15609667483218,0.733254150113238,0.617776206213914,0.835709010386443
158,"woman",22,"french",17,1,"right-handed",1,432.941860465116,232.269230769231,82.6822642582848,0.891666666666667,0.892857142857143,0.833333333333333,195.77358490566,129.846560846561,310.509533898305,-900,-2160,500,510,250,-1925,-1090,-1160,-900,-1160,1.23732315454306,1.26052180642484,1.15026199151093,0.377444341376108,-0.381586160640339,0.37878278131753,0.0957612088971366,0.743329547448719,0.557952757584629,0.274696323114824,-0.452812207891088,0.383016768400262,-1.92148518635993,0.0664428188666148,0.465681171310162,0.126737796359151,0.219620595511976
159,"woman",24,"other",17,6,"right-handed",1,416.711111111111,283.409961685824,-7.38620268620269,0.9,0.785714285714286,0.583333333333333,223.169811320755,208.388148148148,324.463481436397,320,-1410,400,830,500,-585,-1255,-60,-920,320,1.08952095285255,1.27540813090181,0.869122203007293,0.637536373656473,-0.825723790190201,1.19812016331845,0.217562746529448,-0.213322384918712,-0.753990212952206,-0.327747611595078,-1.41541802562129,0.321628184443268,-0.941717713189345,-0.368543087853299,-0.249916617113823,0.231341519190507,-0.129039395258872
160,"man",24,"french",17,5.5,"right-handed",1,471.144444444444,167.302564102564,37.0213657876944,0.941666666666667,0.785714285714286,0.75,240.716981132075,45.8657407407406,183.626984126984,1860,-880,400,840,1500,1260,920,1130,1550,1860,1.08952095285255,1.36346742528384,1.0471975511966,-0.234738589234729,0.182624417033034,0.794152136230185,0.826570434691035,-0.213322384918712,0.120638434072353,-0.713610462338998,0.576456855658676,0.94122010391168,0.295037949665332,-0.123964065305017,0.244628827948225,0.6393322190583,0.253332327233836
161,"woman",34,"french",16,4,"right-handed",1,549.781609195402,165.89010989011,207.923395445135,0.833333333333333,0.857142857142857,0.583333333333333,169.603773584906,84.0270655270656,606.548269581057,1460,-300,350,910,500,285,335,370,1460,570,1.18319964013972,1.16954918487654,0.869122203007293,-1.49487141161706,0.194891040026557,-0.760514289306678,-0.75684955452909,0.424445569992906,-0.753990212952206,0.850171348901732,0.108751598944746,-0.919367286747771,-0.0261972874397788,-0.178649487923528,-0.362131399162797,-0.494996845342631,-0.345259244142985
162,"woman",20,"french",15,4.5,"right-handed",1,420.988888888889,122.986206896552,124.296511627907,0.85,0.857142857142857,0.75,171.192307692308,90.5454545454545,315.968867924528,470,-1170,650,740,250,-1730,-750,470,-780,195,1.18319964013972,1.19369195874213,1.0471975511966,0.568986493943648,0.567494978853201,0.000225116793499918,-0.513246479264453,0.424445569992906,0.120638434072353,0.815239430776072,0.0288622128640159,0.358999135805386,-0.821254499274929,0.471029379194579,0.0106125082669352,0.308906410484029,0.263516099315181
164,"man",29,"french",17,6,"right-handed",1,499,117.793103448276,40.6025369978858,0.908333333333333,0.964285714285714,0.833333333333333,255.509433962264,172.019841269841,409.5,1590,-150,550,940,250,20,270,1590,155,1280,1.38067072344843,1.29098701108241,1.15026199151093,-0.681114039728359,0.612595090138004,0.761574836500372,0.339364284161759,1.38109750236034,0.557952757584629,-1.03889699457905,-0.96968799921338,-0.0524789594313809,0.0782041646193823,-0.896566344506931,0.759471514702242,0.440563655735665,0.101156275310325
165,"woman",28,"french",16,4.5,"right-handed",1,394.804597701149,325.594202898551,76.9634387351779,0.841666666666667,0.928571428571429,0.833333333333333,180.62962962963,85.5833333333334,1195.19355766465,1970,-50,650,870,500,960,510,1110,1970,1110,1.30024656381632,1.18147281448264,1.15026199151093,0.988580522555745,-1.19207774252492,0.430805955367006,-0.635048016896764,1.06221352490453,0.557952757584629,0.607712405889473,0.0896779782588377,-3,0.383377639869238,0.561990302234685,0.328372755197466,-1.25375726238597,-0.121131401651273
166,"man",39,"french",20,7,"right-handed",1,401.471264367816,270.166666666667,181.705542421854,0.9,0.892857142857143,0.416666666666667,243.37037037037,70.0527065527066,555.424046920821,1480,-150,650,480,500,1050,1080,1480,1245,1070,1.23732315454306,1.27540813090181,0.701674123787604,0.881749541185108,-0.710710853303735,-0.52201498109685,0.217562746529448,0.743329547448719,-1.62861885997676,-0.771958580390563,0.280021364554595,-0.694452894139762,-0.0101355255845233,0.129937441783047,-0.222575521999531,-0.642392909513449,-0.245010329909978
167,"woman",24,"other",17,4.5,"left-handed",1,391.103448275862,32.2685185185185,14.9677902621723,0.925,0.857142857142857,0.666666666666667,497.622641509434,36.6766666666666,375.944578961528,1740,-50,0,1040,750,530,1235,1370,1030,1740,1.18319964013972,1.32476043658762,0.95531661812451,1.04789013635116,1.35534330155658,0.994769726912367,0.582967359426398,0.424445569992906,-0.316675889439924,-3,0.689078161990216,0.0951437671131542,0.198667378533799,-0.421010567219541,0.230245679993126,0.815085598527368,0.208106903766984
168,"man",29,"french",18,3.5,"right-handed",1,389.477272727273,272.286206896552,174.178472130279,0.958333333333333,0.892857142857143,0.833333333333333,233.811320754717,83.8963636363636,669.854206198608,2890,-190,150,680,2250,2890,705,1245,1930,2145,1.23732315454306,1.41066464910998,1.15026199151093,1.07394902581166,-0.729118247108332,-0.453542514804767,1.07017350995566,0.743329547448719,0.557952757584629,-0.561754759788169,0.110353481523143,-1.19787355133088,1.12221868521099,0.207515915848879,0.790485271663003,-0.793511437747994,0.0681632499212957
169,"man",21,"french",15,4.5,"right-handed",1,443.602272727273,153.580049261084,96.0915943677998,0.916666666666667,0.964285714285714,0.833333333333333,159.222222222222,47.0324074074074,179.413725490196,5160,-100,850,910,3500,3185,3810,3850,4810,5160,1.38067072344843,1.30738282468938,1.15026199151093,0.206614995808846,0.30179919423944,0.256800407252169,0.461165821794085,1.38109750236034,0.557952757584629,1.07846201041715,0.562158187153632,0.959755789304716,2.9452286557825,0.615745064459877,0.80007202724635,0.506118463598775,0.640645185101667
170,"man",23,"french",16,6,"right-handed",1,416.56976744186,330.443167305236,106.334811529934,0.958333333333333,0.821428571428571,0.916666666666667,237.481481481481,11.0057142857144,316.228389154705,3335,-35,400,970,2000,1400,2210,2390,2365,3335,1.13450940007873,1.41066464910998,1.27795355506632,0.639801356090965,-1.23418913825114,0.163619619151682,1.07017350995566,0.105561592537092,0.995267081096911,-0.642461716861323,1.00370139482219,0.357857405783552,1.47959288649043,0.333680344683943,0.723667394529887,-0.237570704438635,0.273259011591732
171,"man",22,"french",16,2,"right-handed",1,493.16091954023,38.5222222222222,-14.4302907369845,0.916666666666667,0.964285714285714,1,298.056603773585,161.297777777778,270.46131147541,1560,-50,0,860,750,1145,840,905,-1025,1560,1.38067072344843,1.30738282468938,1.5707963267949,-0.587544835355463,1.30103228391782,1.2621990230782,0.461165821794085,1.38109750236034,1.43258140460919,-1.97451068106032,-0.838278372159358,0.559203733259129,0.0541115218364989,-1.13344462952505,1.09161490958787,1.04081168008505,0.332993986715958
172,"man",23,"french",17,8,"right-handed",1,394.704545454545,250.266666666667,63.9541624106231,0.9,0.964285714285714,0.833333333333333,270.301886792453,49.7037037037037,286.480780101752,2330,-100,250,930,1250,1045,1150,2080,2330,2315,1.38067072344843,1.27540813090181,1.15026199151093,0.990183824509701,-0.537886987284749,0.54914910882666,0.217562746529448,1.38109750236034,0.557952757584629,-1.36418352681911,0.529418775536928,0.488728156937083,0.672489353263838,0.0518063577425062,0.718871002158138,0.166663426159665,0.312446928686769
174,"man",24,"french",17,7,"right-handed",1,399.666666666667,85.1258741258741,134.835515976951,0.925,0.75,0.666666666666667,292.481481481481,9.51851851851859,698.784457478006,2970,-350,650,670,2000,2780,2350,2090,2970,2590,1.0471975511966,1.32476043658762,0.95531661812451,0.910667582694047,0.896297445094097,-0.0956463965693746,0.582967359426398,-0.532206362374525,-0.316675889439924,-1.85191355548345,1.02192846848839,-1.32514844287782,1.18646573263202,0.0268941652329963,-0.0886382974626837,-0.174832464784365,-0.0788588656713509
175,"woman",19,"french",15,3,"right-handed",1,481.779069767442,301.125661375661,82.5231157186887,0.95,0.75,0.833333333333333,167.924528301887,97.1644444444445,247.637627118644,1805,-275,1200,630,250,770,790,-275,830,1805,1.0471975511966,1.38562501074904,1.15026199151093,-0.405154708199457,-0.979577845950451,0.380230528261667,0.948371972323347,-0.532206362374525,0.557952757584629,0.887098008811639,-0.0522601377678828,0.659613574955786,0.250868104563379,0.1432277209481,0.32470612251115,0.0200887524223342,0.162674198627195
176,"man",23,"french",17,2.5,"right-handed",1,408.27380952381,334.467980295567,11.4561056920608,0.866666666666667,0.857142857142857,0.833333333333333,242.981132075472,9.74461538461537,779.361293859649,1305,-555,300,810,750,1305,475,-745,805,750,1.18319964013972,1.21914613830565,1.15026199151093,0.772741154960177,-1.26914309508493,1.02671491860594,-0.269643403999814,0.424445569992906,0.557952757584629,-0.763399217273717,1.01915742494123,-1.6796357929055,-0.150675941818009,0.342833120875898,0.237584974525907,-0.640687989794828,-0.0200899647976745
178,"man",20,"french",16,6,"left-handed",1,395.211111111111,6.29100529100538,48.3020833333333,0.891666666666667,0.678571428571429,0.666666666666667,281.555555555556,128.031468531469,549.557142857143,2355,-135,350,1140,1000,750,1470,2330,2355,1420,0.968001774042632,1.26052180642484,0.95531661812451,0.982066288576761,1.5809480385183,0.691533385245644,0.0957612088971366,-1.16997431728614,-0.316675889439924,-1.61165207912419,-0.430566433617187,-0.668642209980492,0.692566555582907,-0.353384074721538,-0.463629665942977,0.534613071261151,-0.0941335564677881
179,"man",23,"french",17,2,"right-handed",1,417.977011494253,33.2413793103449,238.096861681519,0.75,0.928571428571429,0.583333333333333,248.88679245283,24.1643356643357,293.054402515723,1395,-325,400,820,500,745,1095,1395,1070,925,1.30024656381632,1.06200468763857,0.869122203007293,0.617250766619195,1.34689437878564,-1.03499713186743,-1.97486493085225,1.06221352490453,-0.753990212952206,-0.893264886395052,0.842429310471097,0.459808356976532,-0.0783980134693594,0.18880506356508,-0.555547206299975,0.257235201298248,-0.0365023138122157
180,"man",20,"french",14,4,"right-handed",1,502.61797752809,353.104285714286,169.057031576019,0.883333333333333,0.75,0.666666666666667,188.115384615385,86.8772727272727,290.211147540984,3460,-150,950,1160,1500,1960,3300,2490,3260,3460,1.0471975511966,1.24623145923122,0.95531661812451,-0.739090853213771,-1.43099225844038,-0.406953649265544,-0.026040328735191,-0.532206362374525,-0.316675889439924,0.443100403507725,0.0738194550077919,0.472316888791736,1.57997889808578,-0.0740569982327516,-0.291640860183213,-0.455209672971398,-0.273635843795788
